VMSKigXfrtVFiA@ya.ru,READ,2024-09-28 19:35:21
meGJrMCLfxE@mail.ru,CREATE,2024-09-28 12:55:47
nqibwdukN@ya.ru,UPDATE,2024-09-28 21:07:01
VMSKigXfrtVFiA@ya.ru,UPDATE,2024-09-28 22:38:04
JkEJBMwVHhI@mail.ru,CREATE,2024-09-28 01:24:30
ZjIOhZpKRRdav@mail.ru,UPDATE,2024-09-28 14:30:52
HFsVFipOITy@ya.ru,READ,2024-09-28 20:51:01
lxolMITwC@gmail.com,UPDATE,2024-09-28 02:47:58
meGJrMCLfxE@mail.ru,READ,2024-09-28 07:06:10
ZjIOhZpKRRdav@mail.ru,DELETE,2024-09-28 14:43:03
lxolMITwC@gmail.com,DELETE,2024-09-28 19:36:23
meGJrMCLfxE@mail.ru,UPDATE,2024-09-28 05:47:40
wYxovPN@mail.ru,READ,2024-09-28 00:50:30
ZjIOhZpKRRdav@mail.ru,CREATE,2024-09-28 22:04:57
wYxovPN@mail.ru,READ,2024-09-28 07:21:38
lxolMITwC@gmail.com,DELETE,2024-09-28 02:28:07
Tqgot@gmail.com,CREATE,2024-09-28 16:44:37
cozrFwFyF@mail.ru,CREATE,2024-09-28 01:19:17
meGJrMCLfxE@mail.ru,CREATE,2024-09-28 17:06:07
meGJrMCLfxE@mail.ru,READ,2024-09-28 17:19:23
VMSKigXfrtVFiA@ya.ru,UPDATE,2024-09-28 20:08:01
lxolMITwC@gmail.com,UPDATE,2024-09-28 14:45:10
nqibwdukN@ya.ru,READ,2024-09-28 03:54:20
HFsVFipOITy@ya.ru,DELETE,2024-09-28 12:20:46
VMSKigXfrtVFiA@ya.ru,UPDATE,2024-09-28 06:06:01
JkEJBMwVHhI@mail.ru,READ,2024-09-28 13:28:57
ZjIOhZpKRRdav@mail.ru,UPDATE,2024-09-28 03:43:14
Tqgot@gmail.com,UPDATE,2024-09-28 17:01:47
ZjIOhZpKRRdav@mail.ru,CREATE,2024-09-28 14:48:22
VMSKigXfrtVFiA@ya.ru,READ,2024-09-28 16:22:03
lxolMITwC@gmail.com,UPDATE,2024-09-28 01:11:35
lxolMITwC@gmail.com,READ,2024-09-28 21:31:20
VMSKigXfrtVFiA@ya.ru,CREATE,2024-09-28 20:15:14
meGJrMCLfxE@mail.ru,READ,2024-09-28 06:12:08
cozrFwFyF@mail.ru,UPDATE,2024-09-28 22:50:11
lxolMITwC@gmail.com,DELETE,2024-09-28 21:07:07
ZjIOhZpKRRdav@mail.ru,DELETE,2024-09-28 13:44:17
nqibwdukN@ya.ru,READ,2024-09-28 09:16:14
lxolMITwC@gmail.com,READ,2024-09-28 03:19:07
lxolMITwC@gmail.com,UPDATE,2024-09-28 06:54:03
lxolMITwC@gmail.com,READ,2024-09-28 05:47:28
meGJrMCLfxE@mail.ru,CREATE,2024-09-28 14:49:36
Tqgot@gmail.com,DELETE,2024-09-28 17:56:57
HFsVFipOITy@ya.ru,UPDATE,2024-09-28 08:03:49
HFsVFipOITy@ya.ru,UPDATE,2024-09-28 11:55:10
Tqgot@gmail.com,READ,2024-09-28 15:02:50
JkEJBMwVHhI@mail.ru,UPDATE,2024-09-28 06:31:25
ZjIOhZpKRRdav@mail.ru,READ,2024-09-28 23:38:30
ZjIOhZpKRRdav@mail.ru,READ,2024-09-28 19:51:25
Tqgot@gmail.com,UPDATE,2024-09-28 17:14:15
meGJrMCLfxE@mail.ru,DELETE,2024-09-28 09:53:50
meGJrMCLfxE@mail.ru,UPDATE,2024-09-28 01:12:53
ZjIOhZpKRRdav@mail.ru,UPDATE,2024-09-28 04:35:18
JkEJBMwVHhI@mail.ru,UPDATE,2024-09-28 14:29:09
JkEJBMwVHhI@mail.ru,UPDATE,2024-09-28 12:37:22
HFsVFipOITy@ya.ru,DELETE,2024-09-28 06:08:24
lxolMITwC@gmail.com,UPDATE,2024-09-28 19:34:07
VMSKigXfrtVFiA@ya.ru,READ,2024-09-28 19:59:57
VMSKigXfrtVFiA@ya.ru,DELETE,2024-09-28 00:39:07
meGJrMCLfxE@mail.ru,DELETE,2024-09-28 04:13:37
JkEJBMwVHhI@mail.ru,DELETE,2024-09-28 08:15:57
meGJrMCLfxE@mail.ru,DELETE,2024-09-28 09:29:53
wYxovPN@mail.ru,DELETE,2024-09-28 13:46:57
VMSKigXfrtVFiA@ya.ru,CREATE,2024-09-28 06:12:18
meGJrMCLfxE@mail.ru,CREATE,2024-09-28 08:36:00
meGJrMCLfxE@mail.ru,CREATE,2024-09-28 22:10:38
JkEJBMwVHhI@mail.ru,READ,2024-09-28 09:46:59
wYxovPN@mail.ru,CREATE,2024-09-28 23:00:06
HFsVFipOITy@ya.ru,UPDATE,2024-09-28 23:54:50
JkEJBMwVHhI@mail.ru,DELETE,2024-09-28 21:02:23
Tqgot@gmail.com,CREATE,2024-09-28 08:45:42
Tqgot@gmail.com,DELETE,2024-09-28 11:21:00
Tqgot@gmail.com,DELETE,2024-09-28 14:51:16
Tqgot@gmail.com,READ,2024-09-28 22:54:34
wYxovPN@mail.ru,READ,2024-09-28 02:40:10
wYxovPN@mail.ru,UPDATE,2024-09-28 10:12:09
VMSKigXfrtVFiA@ya.ru,CREATE,2024-09-28 09:02:27
ZjIOhZpKRRdav@mail.ru,READ,2024-09-28 16:45:37
HFsVFipOITy@ya.ru,DELETE,2024-09-28 22:17:31
lxolMITwC@gmail.com,CREATE,2024-09-28 23:52:07
lxolMITwC@gmail.com,UPDATE,2024-09-28 01:34:18
VMSKigXfrtVFiA@ya.ru,READ,2024-09-28 01:23:35
cozrFwFyF@mail.ru,READ,2024-09-28 13:25:20
Tqgot@gmail.com,UPDATE,2024-09-28 13:42:32
ZjIOhZpKRRdav@mail.ru,CREATE,2024-09-28 16:53:58
JkEJBMwVHhI@mail.ru,DELETE,2024-09-28 03:31:17
VMSKigXfrtVFiA@ya.ru,READ,2024-09-28 01:53:43
meGJrMCLfxE@mail.ru,CREATE,2024-09-28 09:17:59
ZjIOhZpKRRdav@mail.ru,UPDATE,2024-09-28 03:25:03
HFsVFipOITy@ya.ru,CREATE,2024-09-28 06:01:23
VMSKigXfrtVFiA@ya.ru,DELETE,2024-09-28 07:00:47
VMSKigXfrtVFiA@ya.ru,UPDATE,2024-09-28 00:29:12
ZjIOhZpKRRdav@mail.ru,READ,2024-09-28 04:11:48
HFsVFipOITy@ya.ru,CREATE,2024-09-28 02:24:36
wYxovPN@mail.ru,UPDATE,2024-09-28 11:31:58
ZjIOhZpKRRdav@mail.ru,READ,2024-09-28 14:02:59
HFsVFipOITy@ya.ru,DELETE,2024-09-28 13:43:31
Tqgot@gmail.com,CREATE,2024-09-28 22:34:41
VMSKigXfrtVFiA@ya.ru,READ,2024-09-28 15:30:51
Tqgot@gmail.com,CREATE,2024-09-28 12:53:06
meGJrMCLfxE@mail.ru,CREATE,2024-09-28 20:00:47
JkEJBMwVHhI@mail.ru,CREATE,2024-09-28 01:20:40
VMSKigXfrtVFiA@ya.ru,UPDATE,2024-09-28 07:27:39
Tqgot@gmail.com,DELETE,2024-09-28 03:56:46
nqibwdukN@ya.ru,UPDATE,2024-09-28 04:06:34
meGJrMCLfxE@mail.ru,CREATE,2024-09-28 03:32:56
VMSKigXfrtVFiA@ya.ru,CREATE,2024-09-28 04:40:51
lxolMITwC@gmail.com,UPDATE,2024-09-28 12:35:22
ZjIOhZpKRRdav@mail.ru,READ,2024-09-28 10:03:18
Tqgot@gmail.com,READ,2024-09-28 18:30:41
Tqgot@gmail.com,CREATE,2024-09-28 14:30:14
cozrFwFyF@mail.ru,UPDATE,2024-09-28 21:05:18
meGJrMCLfxE@mail.ru,UPDATE,2024-09-28 14:05:24
ZjIOhZpKRRdav@mail.ru,CREATE,2024-09-28 12:18:34
JkEJBMwVHhI@mail.ru,DELETE,2024-09-28 23:28:07
wYxovPN@mail.ru,DELETE,2024-09-28 18:33:00
meGJrMCLfxE@mail.ru,CREATE,2024-09-28 08:56:19
cozrFwFyF@mail.ru,DELETE,2024-09-28 13:55:05
HFsVFipOITy@ya.ru,READ,2024-09-28 16:29:33
HFsVFipOITy@ya.ru,READ,2024-09-28 11:39:31
nqibwdukN@ya.ru,CREATE,2024-09-28 05:20:02
cozrFwFyF@mail.ru,UPDATE,2024-09-28 10:17:36
VMSKigXfrtVFiA@ya.ru,READ,2024-09-28 08:26:52
Tqgot@gmail.com,READ,2024-09-28 14:30:57
HFsVFipOITy@ya.ru,DELETE,2024-09-28 23:06:01
cozrFwFyF@mail.ru,CREATE,2024-09-28 13:26:10
meGJrMCLfxE@mail.ru,UPDATE,2024-09-28 21:06:27
cozrFwFyF@mail.ru,DELETE,2024-09-28 01:12:50
meGJrMCLfxE@mail.ru,UPDATE,2024-09-28 07:22:24
VMSKigXfrtVFiA@ya.ru,CREATE,2024-09-28 17:34:19
lxolMITwC@gmail.com,DELETE,2024-09-28 20:04:05
meGJrMCLfxE@mail.ru,READ,2024-09-28 03:12:26
lxolMITwC@gmail.com,CREATE,2024-09-28 23:04:55
JkEJBMwVHhI@mail.ru,UPDATE,2024-09-28 11:11:34
nqibwdukN@ya.ru,UPDATE,2024-09-28 19:54:19
nqibwdukN@ya.ru,DELETE,2024-09-28 21:17:36
JkEJBMwVHhI@mail.ru,READ,2024-09-28 09:30:26
lxolMITwC@gmail.com,UPDATE,2024-09-28 21:19:56
JkEJBMwVHhI@mail.ru,CREATE,2024-09-28 14:27:28
HFsVFipOITy@ya.ru,CREATE,2024-09-28 00:43:01
JkEJBMwVHhI@mail.ru,DELETE,2024-09-28 04:38:09
JkEJBMwVHhI@mail.ru,DELETE,2024-09-28 10:52:05
VMSKigXfrtVFiA@ya.ru,READ,2024-09-28 22:17:31
VMSKigXfrtVFiA@ya.ru,READ,2024-09-28 22:39:25
cozrFwFyF@mail.ru,CREATE,2024-09-28 10:56:45
HFsVFipOITy@ya.ru,CREATE,2024-09-28 12:26:21
wYxovPN@mail.ru,UPDATE,2024-09-28 04:22:13
wYxovPN@mail.ru,DELETE,2024-09-28 11:39:41
JkEJBMwVHhI@mail.ru,CREATE,2024-09-28 05:54:31
ZjIOhZpKRRdav@mail.ru,CREATE,2024-09-28 19:35:04
meGJrMCLfxE@mail.ru,CREATE,2024-09-28 16:20:28
ZjIOhZpKRRdav@mail.ru,CREATE,2024-09-28 22:20:46
nqibwdukN@ya.ru,UPDATE,2024-09-28 06:13:45
cozrFwFyF@mail.ru,UPDATE,2024-09-28 13:43:33
wYxovPN@mail.ru,READ,2024-09-28 15:08:42
meGJrMCLfxE@mail.ru,UPDATE,2024-09-28 10:53:05
cozrFwFyF@mail.ru,READ,2024-09-28 18:07:10
Tqgot@gmail.com,CREATE,2024-09-28 07:16:55
cozrFwFyF@mail.ru,READ,2024-09-28 10:42:23
VMSKigXfrtVFiA@ya.ru,UPDATE,2024-09-28 16:43:22
VMSKigXfrtVFiA@ya.ru,UPDATE,2024-09-28 23:54:13
lxolMITwC@gmail.com,UPDATE,2024-09-28 16:04:37
nqibwdukN@ya.ru,READ,2024-09-28 01:57:49
lxolMITwC@gmail.com,CREATE,2024-09-28 11:27:04
meGJrMCLfxE@mail.ru,READ,2024-09-28 08:25:05
cozrFwFyF@mail.ru,UPDATE,2024-09-28 19:33:15
cozrFwFyF@mail.ru,DELETE,2024-09-28 11:59:56
cozrFwFyF@mail.ru,DELETE,2024-09-28 07:50:55
JkEJBMwVHhI@mail.ru,READ,2024-09-28 17:01:08
ZjIOhZpKRRdav@mail.ru,DELETE,2024-09-28 15:53:54
HFsVFipOITy@ya.ru,DELETE,2024-09-28 03:43:52
VMSKigXfrtVFiA@ya.ru,READ,2024-09-28 12:30:39
JkEJBMwVHhI@mail.ru,DELETE,2024-09-28 00:06:28
cozrFwFyF@mail.ru,DELETE,2024-09-28 15:35:04
cozrFwFyF@mail.ru,UPDATE,2024-09-28 03:57:21
lxolMITwC@gmail.com,DELETE,2024-09-28 11:34:10
lxolMITwC@gmail.com,READ,2024-09-28 15:16:52
HFsVFipOITy@ya.ru,DELETE,2024-09-28 13:35:01
HFsVFipOITy@ya.ru,DELETE,2024-09-28 06:24:37
VMSKigXfrtVFiA@ya.ru,UPDATE,2024-09-28 08:32:03
wYxovPN@mail.ru,READ,2024-09-28 18:18:48
wYxovPN@mail.ru,UPDATE,2024-09-28 09:51:34
nqibwdukN@ya.ru,DELETE,2024-09-28 04:26:26
meGJrMCLfxE@mail.ru,UPDATE,2024-09-28 22:50:50
cozrFwFyF@mail.ru,READ,2024-09-28 05:49:57
HFsVFipOITy@ya.ru,READ,2024-09-28 05:17:05
JkEJBMwVHhI@mail.ru,CREATE,2024-09-28 17:14:21
VMSKigXfrtVFiA@ya.ru,READ,2024-09-28 11:02:01
lxolMITwC@gmail.com,DELETE,2024-09-28 22:37:22
cozrFwFyF@mail.ru,READ,2024-09-28 23:35:36
HFsVFipOITy@ya.ru,DELETE,2024-09-28 23:33:10
meGJrMCLfxE@mail.ru,CREATE,2024-09-28 14:37:38
cozrFwFyF@mail.ru,CREATE,2024-09-28 19:45:07
Tqgot@gmail.com,DELETE,2024-09-28 05:25:10
meGJrMCLfxE@mail.ru,CREATE,2024-09-28 01:31:59
nqibwdukN@ya.ru,CREATE,2024-09-28 15:23:51
HFsVFipOITy@ya.ru,UPDATE,2024-09-28 13:13:21
wYxovPN@mail.ru,CREATE,2024-09-28 15:02:58
VMSKigXfrtVFiA@ya.ru,READ,2024-09-28 08:53:50
cozrFwFyF@mail.ru,DELETE,2024-09-28 16:08:15
nqibwdukN@ya.ru,DELETE,2024-09-28 23:21:48
meGJrMCLfxE@mail.ru,CREATE,2024-09-28 08:02:20
JkEJBMwVHhI@mail.ru,READ,2024-09-28 06:24:40
JkEJBMwVHhI@mail.ru,UPDATE,2024-09-28 05:18:37
JkEJBMwVHhI@mail.ru,READ,2024-09-28 00:10:57
ZjIOhZpKRRdav@mail.ru,UPDATE,2024-09-28 09:44:50
VMSKigXfrtVFiA@ya.ru,DELETE,2024-09-28 16:59:44
meGJrMCLfxE@mail.ru,UPDATE,2024-09-28 21:07:42
HFsVFipOITy@ya.ru,DELETE,2024-09-28 23:59:43
JkEJBMwVHhI@mail.ru,READ,2024-09-28 20:35:48
HFsVFipOITy@ya.ru,DELETE,2024-09-28 15:27:21
lxolMITwC@gmail.com,DELETE,2024-09-28 06:53:14
meGJrMCLfxE@mail.ru,CREATE,2024-09-28 03:35:58
HFsVFipOITy@ya.ru,CREATE,2024-09-28 12:49:24
lxolMITwC@gmail.com,READ,2024-09-28 04:24:40
HFsVFipOITy@ya.ru,READ,2024-09-28 07:40:59
ZjIOhZpKRRdav@mail.ru,READ,2024-09-28 17:41:38
HFsVFipOITy@ya.ru,DELETE,2024-09-28 05:25:45
HFsVFipOITy@ya.ru,CREATE,2024-09-28 16:14:06
cozrFwFyF@mail.ru,UPDATE,2024-09-28 04:47:10
cozrFwFyF@mail.ru,DELETE,2024-09-28 17:53:09
Tqgot@gmail.com,UPDATE,2024-09-28 15:14:20
lxolMITwC@gmail.com,CREATE,2024-09-28 08:31:37
Tqgot@gmail.com,READ,2024-09-28 14:26:54
meGJrMCLfxE@mail.ru,READ,2024-09-28 04:09:45
wYxovPN@mail.ru,DELETE,2024-09-28 21:32:46
HFsVFipOITy@ya.ru,CREATE,2024-09-28 04:03:12
VMSKigXfrtVFiA@ya.ru,UPDATE,2024-09-28 19:56:30
Tqgot@gmail.com,READ,2024-09-28 05:58:53
HFsVFipOITy@ya.ru,CREATE,2024-09-28 06:26:22
JkEJBMwVHhI@mail.ru,UPDATE,2024-09-28 04:28:14
JkEJBMwVHhI@mail.ru,READ,2024-09-28 20:18:48
nqibwdukN@ya.ru,UPDATE,2024-09-28 23:02:02
meGJrMCLfxE@mail.ru,DELETE,2024-09-28 22:06:32
wYxovPN@mail.ru,READ,2024-09-28 03:31:03
wYxovPN@mail.ru,CREATE,2024-09-28 09:50:48
meGJrMCLfxE@mail.ru,UPDATE,2024-09-28 04:56:24
meGJrMCLfxE@mail.ru,CREATE,2024-09-28 03:51:59
lxolMITwC@gmail.com,DELETE,2024-09-28 09:27:37
cozrFwFyF@mail.ru,UPDATE,2024-09-28 04:01:06
lxolMITwC@gmail.com,CREATE,2024-09-28 05:19:59
nqibwdukN@ya.ru,CREATE,2024-09-28 13:24:20
HFsVFipOITy@ya.ru,CREATE,2024-09-28 07:29:39
JkEJBMwVHhI@mail.ru,READ,2024-09-28 13:10:34
VMSKigXfrtVFiA@ya.ru,DELETE,2024-09-28 17:14:33
wYxovPN@mail.ru,READ,2024-09-28 00:45:23
wYxovPN@mail.ru,DELETE,2024-09-28 02:26:55
wYxovPN@mail.ru,READ,2024-09-28 12:52:17
HFsVFipOITy@ya.ru,CREATE,2024-09-28 17:21:31
wYxovPN@mail.ru,UPDATE,2024-09-28 15:47:53
lxolMITwC@gmail.com,READ,2024-09-28 17:13:06
cozrFwFyF@mail.ru,READ,2024-09-28 10:45:14
lxolMITwC@gmail.com,READ,2024-09-28 08:19:20
JkEJBMwVHhI@mail.ru,DELETE,2024-09-28 05:07:14
lxolMITwC@gmail.com,UPDATE,2024-09-28 19:13:35
meGJrMCLfxE@mail.ru,CREATE,2024-09-28 07:50:17
VMSKigXfrtVFiA@ya.ru,UPDATE,2024-09-28 20:37:23
ZjIOhZpKRRdav@mail.ru,DELETE,2024-09-28 05:10:30
HFsVFipOITy@ya.ru,UPDATE,2024-09-28 08:56:17
JkEJBMwVHhI@mail.ru,UPDATE,2024-09-28 10:25:39
VMSKigXfrtVFiA@ya.ru,UPDATE,2024-09-28 03:08:20
cozrFwFyF@mail.ru,DELETE,2024-09-28 15:18:35
VMSKigXfrtVFiA@ya.ru,DELETE,2024-09-28 12:39:00
nqibwdukN@ya.ru,DELETE,2024-09-28 00:13:33
lxolMITwC@gmail.com,CREATE,2024-09-28 22:41:59
VMSKigXfrtVFiA@ya.ru,UPDATE,2024-09-28 20:41:00
HFsVFipOITy@ya.ru,READ,2024-09-28 20:53:58
wYxovPN@mail.ru,CREATE,2024-09-28 04:34:16
lxolMITwC@gmail.com,CREATE,2024-09-28 22:17:14
ZjIOhZpKRRdav@mail.ru,CREATE,2024-09-28 23:38:44
lxolMITwC@gmail.com,UPDATE,2024-09-28 12:10:23
ZjIOhZpKRRdav@mail.ru,READ,2024-09-28 00:46:17
cozrFwFyF@mail.ru,READ,2024-09-28 17:03:34
Tqgot@gmail.com,CREATE,2024-09-28 08:48:16
nqibwdukN@ya.ru,UPDATE,2024-09-28 06:32:16
ZjIOhZpKRRdav@mail.ru,READ,2024-09-28 12:21:21
HFsVFipOITy@ya.ru,CREATE,2024-09-28 03:38:47
nqibwdukN@ya.ru,READ,2024-09-28 09:47:01
JkEJBMwVHhI@mail.ru,CREATE,2024-09-28 11:53:59
HFsVFipOITy@ya.ru,DELETE,2024-09-28 06:11:36
cozrFwFyF@mail.ru,CREATE,2024-09-28 01:57:49
JkEJBMwVHhI@mail.ru,READ,2024-09-28 21:35:08
Tqgot@gmail.com,READ,2024-09-28 22:41:00
lxolMITwC@gmail.com,DELETE,2024-09-28 08:23:36
meGJrMCLfxE@mail.ru,DELETE,2024-09-28 15:31:01
meGJrMCLfxE@mail.ru,UPDATE,2024-09-28 07:04:56
cozrFwFyF@mail.ru,READ,2024-09-28 02:15:23
cozrFwFyF@mail.ru,CREATE,2024-09-28 03:45:02
nqibwdukN@ya.ru,CREATE,2024-09-28 01:43:02
Tqgot@gmail.com,READ,2024-09-28 11:17:29
lxolMITwC@gmail.com,DELETE,2024-09-28 11:50:47
cozrFwFyF@mail.ru,DELETE,2024-09-28 16:20:37
nqibwdukN@ya.ru,CREATE,2024-09-28 17:10:35
nqibwdukN@ya.ru,CREATE,2024-09-28 04:19:05
Tqgot@gmail.com,READ,2024-09-28 21:39:25
Tqgot@gmail.com,UPDATE,2024-09-28 11:59:48
ZjIOhZpKRRdav@mail.ru,DELETE,2024-09-28 14:49:33
Tqgot@gmail.com,READ,2024-09-28 23:24:04
lxolMITwC@gmail.com,CREATE,2024-09-28 12:38:03
ZjIOhZpKRRdav@mail.ru,READ,2024-09-28 13:59:13
lxolMITwC@gmail.com,READ,2024-09-28 17:16:33
VMSKigXfrtVFiA@ya.ru,READ,2024-09-28 07:23:42
HFsVFipOITy@ya.ru,UPDATE,2024-09-28 10:05:20
JkEJBMwVHhI@mail.ru,UPDATE,2024-09-28 12:46:09
lxolMITwC@gmail.com,DELETE,2024-09-28 11:02:53
cozrFwFyF@mail.ru,READ,2024-09-28 01:56:38
ZjIOhZpKRRdav@mail.ru,UPDATE,2024-09-28 22:38:21
Tqgot@gmail.com,UPDATE,2024-09-28 23:43:16
Tqgot@gmail.com,UPDATE,2024-09-28 08:07:42
ZjIOhZpKRRdav@mail.ru,READ,2024-09-28 10:40:05
nqibwdukN@ya.ru,DELETE,2024-09-28 21:17:20
meGJrMCLfxE@mail.ru,DELETE,2024-09-28 22:12:50
meGJrMCLfxE@mail.ru,CREATE,2024-09-28 09:05:04
cozrFwFyF@mail.ru,UPDATE,2024-09-28 00:45:33
ZjIOhZpKRRdav@mail.ru,CREATE,2024-09-28 00:48:00
ZjIOhZpKRRdav@mail.ru,CREATE,2024-09-28 04:40:16
wYxovPN@mail.ru,UPDATE,2024-09-28 09:59:50
HFsVFipOITy@ya.ru,DELETE,2024-09-28 13:48:00
HFsVFipOITy@ya.ru,CREATE,2024-09-28 00:47:18
lxolMITwC@gmail.com,UPDATE,2024-09-28 14:52:41
JkEJBMwVHhI@mail.ru,UPDATE,2024-09-28 02:21:53
JkEJBMwVHhI@mail.ru,CREATE,2024-09-28 07:51:30
cozrFwFyF@mail.ru,DELETE,2024-09-28 05:09:03
lxolMITwC@gmail.com,CREATE,2024-09-28 04:38:37
HFsVFipOITy@ya.ru,READ,2024-09-28 16:07:04
VMSKigXfrtVFiA@ya.ru,UPDATE,2024-09-28 14:23:26
ZjIOhZpKRRdav@mail.ru,CREATE,2024-09-28 18:30:49
nqibwdukN@ya.ru,DELETE,2024-09-28 08:46:55
ZjIOhZpKRRdav@mail.ru,UPDATE,2024-09-28 22:19:10
ZjIOhZpKRRdav@mail.ru,DELETE,2024-09-28 08:20:24
lxolMITwC@gmail.com,UPDATE,2024-09-28 14:29:25
HFsVFipOITy@ya.ru,CREATE,2024-09-28 09:52:54
ZjIOhZpKRRdav@mail.ru,CREATE,2024-09-28 14:52:38
lxolMITwC@gmail.com,CREATE,2024-09-28 04:20:30
lxolMITwC@gmail.com,READ,2024-09-28 00:35:50
JkEJBMwVHhI@mail.ru,READ,2024-09-28 00:42:11
meGJrMCLfxE@mail.ru,READ,2024-09-28 02:28:22
meGJrMCLfxE@mail.ru,UPDATE,2024-09-28 22:13:54
nqibwdukN@ya.ru,CREATE,2024-09-28 14:43:14
ZjIOhZpKRRdav@mail.ru,READ,2024-09-28 17:51:25
ZjIOhZpKRRdav@mail.ru,DELETE,2024-09-28 00:27:58
HFsVFipOITy@ya.ru,READ,2024-09-28 21:52:47
nqibwdukN@ya.ru,DELETE,2024-09-28 17:06:16
nqibwdukN@ya.ru,CREATE,2024-09-28 00:34:33
Tqgot@gmail.com,CREATE,2024-09-28 10:06:53
ZjIOhZpKRRdav@mail.ru,DELETE,2024-09-28 03:54:24
ZjIOhZpKRRdav@mail.ru,DELETE,2024-09-28 01:16:15
nqibwdukN@ya.ru,READ,2024-09-28 10:46:42
Tqgot@gmail.com,CREATE,2024-09-28 10:57:10
JkEJBMwVHhI@mail.ru,UPDATE,2024-09-28 18:09:56
cozrFwFyF@mail.ru,UPDATE,2024-09-28 17:07:17
cozrFwFyF@mail.ru,READ,2024-09-28 12:40:50
nqibwdukN@ya.ru,UPDATE,2024-09-28 00:20:47
VMSKigXfrtVFiA@ya.ru,UPDATE,2024-09-28 05:23:45
HFsVFipOITy@ya.ru,READ,2024-09-28 04:22:42
lxolMITwC@gmail.com,DELETE,2024-09-28 21:14:19
meGJrMCLfxE@mail.ru,DELETE,2024-09-28 02:17:10
meGJrMCLfxE@mail.ru,CREATE,2024-09-28 12:47:06
JkEJBMwVHhI@mail.ru,READ,2024-09-28 17:31:49
JkEJBMwVHhI@mail.ru,UPDATE,2024-09-28 00:00:39
Tqgot@gmail.com,UPDATE,2024-09-28 09:50:58
VMSKigXfrtVFiA@ya.ru,DELETE,2024-09-28 21:25:19
wYxovPN@mail.ru,CREATE,2024-09-28 17:11:16
meGJrMCLfxE@mail.ru,UPDATE,2024-09-28 03:36:00
lxolMITwC@gmail.com,READ,2024-09-28 17:55:58
JkEJBMwVHhI@mail.ru,READ,2024-09-28 02:52:35
lxolMITwC@gmail.com,DELETE,2024-09-28 00:08:52
cozrFwFyF@mail.ru,READ,2024-09-28 10:54:09
nqibwdukN@ya.ru,DELETE,2024-09-28 07:30:14
wYxovPN@mail.ru,DELETE,2024-09-28 06:20:50
meGJrMCLfxE@mail.ru,CREATE,2024-09-28 22:11:22
wYxovPN@mail.ru,UPDATE,2024-09-28 22:37:32
nqibwdukN@ya.ru,READ,2024-09-28 09:26:54
Tqgot@gmail.com,READ,2024-09-28 08:58:49
ZjIOhZpKRRdav@mail.ru,UPDATE,2024-09-28 17:57:16
JkEJBMwVHhI@mail.ru,UPDATE,2024-09-28 23:45:36
ZjIOhZpKRRdav@mail.ru,DELETE,2024-09-28 20:46:17
ZjIOhZpKRRdav@mail.ru,CREATE,2024-09-28 00:35:23
ZjIOhZpKRRdav@mail.ru,DELETE,2024-09-28 23:20:07
nqibwdukN@ya.ru,READ,2024-09-28 06:14:30
HFsVFipOITy@ya.ru,DELETE,2024-09-28 21:24:40
ZjIOhZpKRRdav@mail.ru,UPDATE,2024-09-28 02:57:11
HFsVFipOITy@ya.ru,UPDATE,2024-09-28 09:10:21
wYxovPN@mail.ru,DELETE,2024-09-28 22:29:22
cozrFwFyF@mail.ru,CREATE,2024-09-28 20:23:44
VMSKigXfrtVFiA@ya.ru,DELETE,2024-09-28 01:21:14
JkEJBMwVHhI@mail.ru,DELETE,2024-09-28 05:39:47
HFsVFipOITy@ya.ru,UPDATE,2024-09-28 03:28:40
HFsVFipOITy@ya.ru,UPDATE,2024-09-28 21:31:46
VMSKigXfrtVFiA@ya.ru,READ,2024-09-28 13:53:54
ZjIOhZpKRRdav@mail.ru,CREATE,2024-09-28 06:34:47
nqibwdukN@ya.ru,READ,2024-09-28 02:33:37
cozrFwFyF@mail.ru,READ,2024-09-28 03:26:20
HFsVFipOITy@ya.ru,READ,2024-09-28 08:35:38
nqibwdukN@ya.ru,CREATE,2024-09-28 03:37:29
VMSKigXfrtVFiA@ya.ru,UPDATE,2024-09-28 10:44:02
HFsVFipOITy@ya.ru,CREATE,2024-09-28 11:08:59
VMSKigXfrtVFiA@ya.ru,UPDATE,2024-09-28 04:39:47
meGJrMCLfxE@mail.ru,READ,2024-09-28 11:34:30
meGJrMCLfxE@mail.ru,DELETE,2024-09-28 23:23:50
nqibwdukN@ya.ru,DELETE,2024-09-28 01:25:25
HFsVFipOITy@ya.ru,UPDATE,2024-09-28 10:49:42
cozrFwFyF@mail.ru,UPDATE,2024-09-28 21:29:18
meGJrMCLfxE@mail.ru,DELETE,2024-09-28 13:31:44
JkEJBMwVHhI@mail.ru,READ,2024-09-28 18:45:13
wYxovPN@mail.ru,READ,2024-09-28 06:27:19
wYxovPN@mail.ru,READ,2024-09-28 12:05:22
nqibwdukN@ya.ru,UPDATE,2024-09-28 06:57:56
lxolMITwC@gmail.com,DELETE,2024-09-28 20:01:34
meGJrMCLfxE@mail.ru,CREATE,2024-09-28 00:39:32
ZjIOhZpKRRdav@mail.ru,CREATE,2024-09-28 16:49:06
ZjIOhZpKRRdav@mail.ru,READ,2024-09-28 14:09:38
Tqgot@gmail.com,DELETE,2024-09-28 21:36:26
Tqgot@gmail.com,UPDATE,2024-09-28 07:48:06
JkEJBMwVHhI@mail.ru,CREATE,2024-09-28 17:27:04
ZjIOhZpKRRdav@mail.ru,CREATE,2024-09-28 15:22:11
Tqgot@gmail.com,UPDATE,2024-09-28 20:33:19
JkEJBMwVHhI@mail.ru,UPDATE,2024-09-28 02:04:02
lxolMITwC@gmail.com,CREATE,2024-09-28 18:15:02
nqibwdukN@ya.ru,CREATE,2024-09-28 06:40:53
Tqgot@gmail.com,CREATE,2024-09-28 04:34:41
JkEJBMwVHhI@mail.ru,READ,2024-09-28 19:25:29
cozrFwFyF@mail.ru,CREATE,2024-09-28 16:25:30
VMSKigXfrtVFiA@ya.ru,CREATE,2024-09-28 18:06:40
ZjIOhZpKRRdav@mail.ru,CREATE,2024-09-28 03:02:58
lxolMITwC@gmail.com,READ,2024-09-28 07:04:46
nqibwdukN@ya.ru,CREATE,2024-09-28 23:47:52
ZjIOhZpKRRdav@mail.ru,DELETE,2024-09-28 22:34:04
meGJrMCLfxE@mail.ru,READ,2024-09-28 12:43:27
wYxovPN@mail.ru,CREATE,2024-09-28 10:40:00
JkEJBMwVHhI@mail.ru,DELETE,2024-09-28 13:07:36
HFsVFipOITy@ya.ru,UPDATE,2024-09-28 20:33:14
JkEJBMwVHhI@mail.ru,CREATE,2024-09-28 12:27:06
VMSKigXfrtVFiA@ya.ru,DELETE,2024-09-28 23:30:45
cozrFwFyF@mail.ru,DELETE,2024-09-28 15:59:24
JkEJBMwVHhI@mail.ru,UPDATE,2024-09-28 05:38:00
cozrFwFyF@mail.ru,DELETE,2024-09-28 17:19:20
VMSKigXfrtVFiA@ya.ru,DELETE,2024-09-28 00:38:06
meGJrMCLfxE@mail.ru,CREATE,2024-09-28 20:41:31
lxolMITwC@gmail.com,CREATE,2024-09-28 23:52:05
JkEJBMwVHhI@mail.ru,UPDATE,2024-09-28 00:47:55
nqibwdukN@ya.ru,UPDATE,2024-09-28 20:56:29
wYxovPN@mail.ru,CREATE,2024-09-28 03:18:14
VMSKigXfrtVFiA@ya.ru,READ,2024-09-28 00:05:00
HFsVFipOITy@ya.ru,READ,2024-09-28 12:14:00
nqibwdukN@ya.ru,READ,2024-09-28 11:09:36
Tqgot@gmail.com,READ,2024-09-28 14:02:25
nqibwdukN@ya.ru,DELETE,2024-09-28 08:01:13
lxolMITwC@gmail.com,UPDATE,2024-09-28 21:13:04
JkEJBMwVHhI@mail.ru,DELETE,2024-09-28 06:48:03
VMSKigXfrtVFiA@ya.ru,CREATE,2024-09-28 05:52:11
wYxovPN@mail.ru,DELETE,2024-09-28 19:22:37
lxolMITwC@gmail.com,UPDATE,2024-09-28 20:44:39
JkEJBMwVHhI@mail.ru,DELETE,2024-09-28 20:02:11
nqibwdukN@ya.ru,UPDATE,2024-09-28 05:32:28
Tqgot@gmail.com,DELETE,2024-09-28 23:23:43
ZjIOhZpKRRdav@mail.ru,UPDATE,2024-09-28 05:57:18
cozrFwFyF@mail.ru,DELETE,2024-09-28 13:27:22
HFsVFipOITy@ya.ru,CREATE,2024-09-28 19:41:55
cozrFwFyF@mail.ru,CREATE,2024-09-28 18:03:39
meGJrMCLfxE@mail.ru,READ,2024-09-28 14:19:03
meGJrMCLfxE@mail.ru,CREATE,2024-09-28 22:27:15
lxolMITwC@gmail.com,READ,2024-09-28 03:29:33
lxolMITwC@gmail.com,DELETE,2024-09-28 07:36:53
HFsVFipOITy@ya.ru,UPDATE,2024-09-28 14:00:29
JkEJBMwVHhI@mail.ru,DELETE,2024-09-28 20:32:23
cozrFwFyF@mail.ru,DELETE,2024-09-28 17:20:15
ZjIOhZpKRRdav@mail.ru,READ,2024-09-28 10:29:57
VMSKigXfrtVFiA@ya.ru,DELETE,2024-09-28 22:29:24
ZjIOhZpKRRdav@mail.ru,UPDATE,2024-09-28 19:34:36
meGJrMCLfxE@mail.ru,READ,2024-09-28 00:09:16
JkEJBMwVHhI@mail.ru,DELETE,2024-09-28 00:49:19
nqibwdukN@ya.ru,UPDATE,2024-09-28 11:59:27
JkEJBMwVHhI@mail.ru,READ,2024-09-28 17:31:56
nqibwdukN@ya.ru,DELETE,2024-09-28 06:47:14
Tqgot@gmail.com,DELETE,2024-09-28 10:11:52
wYxovPN@mail.ru,DELETE,2024-09-28 23:31:19
VMSKigXfrtVFiA@ya.ru,UPDATE,2024-09-28 21:47:33
wYxovPN@mail.ru,DELETE,2024-09-28 20:11:47
lxolMITwC@gmail.com,READ,2024-09-28 04:36:03
nqibwdukN@ya.ru,READ,2024-09-28 03:23:35
cozrFwFyF@mail.ru,DELETE,2024-09-28 10:02:18
meGJrMCLfxE@mail.ru,READ,2024-09-28 08:16:00
wYxovPN@mail.ru,UPDATE,2024-09-28 01:32:36
wYxovPN@mail.ru,DELETE,2024-09-28 22:29:56
HFsVFipOITy@ya.ru,DELETE,2024-09-28 02:55:53
HFsVFipOITy@ya.ru,UPDATE,2024-09-28 17:06:10
lxolMITwC@gmail.com,DELETE,2024-09-28 16:02:32
wYxovPN@mail.ru,UPDATE,2024-09-28 01:53:55
wYxovPN@mail.ru,CREATE,2024-09-28 00:20:06
HFsVFipOITy@ya.ru,DELETE,2024-09-28 01:00:57
ZjIOhZpKRRdav@mail.ru,DELETE,2024-09-28 18:30:28
ZjIOhZpKRRdav@mail.ru,CREATE,2024-09-28 05:39:13
Tqgot@gmail.com,UPDATE,2024-09-28 04:00:11
lxolMITwC@gmail.com,CREATE,2024-09-28 17:05:39
ZjIOhZpKRRdav@mail.ru,READ,2024-09-28 12:47:41
HFsVFipOITy@ya.ru,READ,2024-09-28 06:41:27
ZjIOhZpKRRdav@mail.ru,READ,2024-09-28 19:33:34
JkEJBMwVHhI@mail.ru,READ,2024-09-28 00:55:46
ZjIOhZpKRRdav@mail.ru,READ,2024-09-28 16:36:48
meGJrMCLfxE@mail.ru,CREATE,2024-09-28 21:00:18
wYxovPN@mail.ru,CREATE,2024-09-28 16:47:40
Tqgot@gmail.com,DELETE,2024-09-28 17:43:41
nqibwdukN@ya.ru,CREATE,2024-09-28 10:22:37
meGJrMCLfxE@mail.ru,CREATE,2024-09-28 21:11:47
HFsVFipOITy@ya.ru,UPDATE,2024-09-28 17:51:45
Tqgot@gmail.com,CREATE,2024-09-28 00:35:17
wYxovPN@mail.ru,UPDATE,2024-09-28 14:24:17
JkEJBMwVHhI@mail.ru,READ,2024-09-28 02:36:31
JkEJBMwVHhI@mail.ru,UPDATE,2024-09-28 01:28:17
VMSKigXfrtVFiA@ya.ru,UPDATE,2024-09-28 13:38:09
wYxovPN@mail.ru,UPDATE,2024-09-28 02:04:20
ZjIOhZpKRRdav@mail.ru,DELETE,2024-09-28 18:37:52
wYxovPN@mail.ru,CREATE,2024-09-28 23:14:49
cozrFwFyF@mail.ru,DELETE,2024-09-28 10:53:50
lxolMITwC@gmail.com,READ,2024-09-28 17:58:22
meGJrMCLfxE@mail.ru,DELETE,2024-09-28 05:10:58
cozrFwFyF@mail.ru,READ,2024-09-28 21:41:23
HFsVFipOITy@ya.ru,CREATE,2024-09-28 09:41:36
cozrFwFyF@mail.ru,CREATE,2024-09-28 10:10:36
lxolMITwC@gmail.com,CREATE,2024-09-28 08:41:24
ZjIOhZpKRRdav@mail.ru,CREATE,2024-09-28 09:03:48
JkEJBMwVHhI@mail.ru,DELETE,2024-09-28 05:54:41
cozrFwFyF@mail.ru,CREATE,2024-09-28 22:34:04
Tqgot@gmail.com,DELETE,2024-09-28 23:21:27
cozrFwFyF@mail.ru,UPDATE,2024-09-28 07:47:01
ZjIOhZpKRRdav@mail.ru,DELETE,2024-09-28 22:06:48
Tqgot@gmail.com,READ,2024-09-28 20:30:58
nqibwdukN@ya.ru,CREATE,2024-09-28 07:03:14
meGJrMCLfxE@mail.ru,DELETE,2024-09-28 03:20:43
nqibwdukN@ya.ru,CREATE,2024-09-28 22:54:31
lxolMITwC@gmail.com,READ,2024-09-28 01:55:12
meGJrMCLfxE@mail.ru,READ,2024-09-28 17:04:39
nqibwdukN@ya.ru,READ,2024-09-28 21:25:22
Tqgot@gmail.com,READ,2024-09-28 04:10:03
wYxovPN@mail.ru,DELETE,2024-09-28 22:57:10
VMSKigXfrtVFiA@ya.ru,UPDATE,2024-09-28 03:52:40
wYxovPN@mail.ru,READ,2024-09-28 20:15:54
nqibwdukN@ya.ru,READ,2024-09-28 00:31:54
Tqgot@gmail.com,DELETE,2024-09-28 01:16:57
JkEJBMwVHhI@mail.ru,DELETE,2024-09-28 15:16:32
wYxovPN@mail.ru,CREATE,2024-09-28 21:39:45
VMSKigXfrtVFiA@ya.ru,DELETE,2024-09-28 08:00:42
meGJrMCLfxE@mail.ru,CREATE,2024-09-28 21:57:23
lxolMITwC@gmail.com,DELETE,2024-09-28 05:59:02
lxolMITwC@gmail.com,DELETE,2024-09-28 13:36:34
meGJrMCLfxE@mail.ru,CREATE,2024-09-28 10:36:40
nqibwdukN@ya.ru,READ,2024-09-28 03:49:46
ZjIOhZpKRRdav@mail.ru,READ,2024-09-28 04:11:22
ZjIOhZpKRRdav@mail.ru,CREATE,2024-09-28 15:30:44
VMSKigXfrtVFiA@ya.ru,CREATE,2024-09-28 16:07:42
meGJrMCLfxE@mail.ru,UPDATE,2024-09-28 00:19:51
Tqgot@gmail.com,READ,2024-09-28 18:56:23
wYxovPN@mail.ru,CREATE,2024-09-28 06:23:35
nqibwdukN@ya.ru,READ,2024-09-28 14:56:26
nqibwdukN@ya.ru,DELETE,2024-09-28 12:31:52
lxolMITwC@gmail.com,UPDATE,2024-09-28 15:02:04
Tqgot@gmail.com,UPDATE,2024-09-28 20:33:40
VMSKigXfrtVFiA@ya.ru,UPDATE,2024-09-28 12:01:28
cozrFwFyF@mail.ru,UPDATE,2024-09-28 11:33:37
lxolMITwC@gmail.com,READ,2024-09-28 21:56:22
JkEJBMwVHhI@mail.ru,READ,2024-09-28 16:40:08
Tqgot@gmail.com,DELETE,2024-09-28 16:49:21
JkEJBMwVHhI@mail.ru,READ,2024-09-28 21:14:41
VMSKigXfrtVFiA@ya.ru,READ,2024-09-28 15:35:40
wYxovPN@mail.ru,READ,2024-09-28 09:33:55
Tqgot@gmail.com,READ,2024-09-28 06:37:31
nqibwdukN@ya.ru,UPDATE,2024-09-28 15:48:55
lxolMITwC@gmail.com,CREATE,2024-09-28 03:50:47
lxolMITwC@gmail.com,CREATE,2024-09-28 16:49:12
JkEJBMwVHhI@mail.ru,UPDATE,2024-09-28 15:13:53
Tqgot@gmail.com,READ,2024-09-28 14:54:25
JkEJBMwVHhI@mail.ru,UPDATE,2024-09-28 04:40:03
nqibwdukN@ya.ru,UPDATE,2024-09-28 10:52:22
Tqgot@gmail.com,READ,2024-09-28 01:34:07
ZjIOhZpKRRdav@mail.ru,READ,2024-09-28 14:43:29
Tqgot@gmail.com,DELETE,2024-09-28 08:16:35
wYxovPN@mail.ru,DELETE,2024-09-28 22:35:20
Tqgot@gmail.com,READ,2024-09-28 03:11:56
VMSKigXfrtVFiA@ya.ru,READ,2024-09-28 06:59:45
cozrFwFyF@mail.ru,READ,2024-09-28 10:34:09
VMSKigXfrtVFiA@ya.ru,UPDATE,2024-09-28 08:30:57
VMSKigXfrtVFiA@ya.ru,UPDATE,2024-09-28 00:00:26
ZjIOhZpKRRdav@mail.ru,UPDATE,2024-09-28 05:53:33
cozrFwFyF@mail.ru,UPDATE,2024-09-28 00:12:08
cozrFwFyF@mail.ru,UPDATE,2024-09-28 20:53:06
JkEJBMwVHhI@mail.ru,READ,2024-09-28 04:57:00
VMSKigXfrtVFiA@ya.ru,READ,2024-09-28 00:30:11
cozrFwFyF@mail.ru,READ,2024-09-28 18:16:53
meGJrMCLfxE@mail.ru,UPDATE,2024-09-28 03:38:52
meGJrMCLfxE@mail.ru,READ,2024-09-28 00:56:21
cozrFwFyF@mail.ru,DELETE,2024-09-28 01:45:39
ZjIOhZpKRRdav@mail.ru,CREATE,2024-09-28 11:38:25
wYxovPN@mail.ru,DELETE,2024-09-28 18:35:11
Tqgot@gmail.com,CREATE,2024-09-28 05:02:45
ZjIOhZpKRRdav@mail.ru,DELETE,2024-09-28 14:03:34
Tqgot@gmail.com,CREATE,2024-09-28 06:25:11
lxolMITwC@gmail.com,UPDATE,2024-09-28 16:59:57
Tqgot@gmail.com,CREATE,2024-09-28 14:38:35
VMSKigXfrtVFiA@ya.ru,CREATE,2024-09-28 07:22:36
meGJrMCLfxE@mail.ru,READ,2024-09-28 12:46:47
meGJrMCLfxE@mail.ru,UPDATE,2024-09-28 01:34:01
nqibwdukN@ya.ru,READ,2024-09-28 04:50:39
Tqgot@gmail.com,CREATE,2024-09-28 16:40:27
nqibwdukN@ya.ru,DELETE,2024-09-28 18:50:17
meGJrMCLfxE@mail.ru,READ,2024-09-28 04:40:08
cozrFwFyF@mail.ru,READ,2024-09-28 03:39:53
ZjIOhZpKRRdav@mail.ru,READ,2024-09-28 17:10:23
JkEJBMwVHhI@mail.ru,UPDATE,2024-09-28 18:43:43
ZjIOhZpKRRdav@mail.ru,UPDATE,2024-09-28 02:26:06
wYxovPN@mail.ru,DELETE,2024-09-28 18:07:02
HFsVFipOITy@ya.ru,DELETE,2024-09-28 15:11:54
nqibwdukN@ya.ru,UPDATE,2024-09-28 20:55:57
JkEJBMwVHhI@mail.ru,READ,2024-09-28 06:31:08
Tqgot@gmail.com,CREATE,2024-09-28 17:50:24
Tqgot@gmail.com,DELETE,2024-09-28 12:02:09
HFsVFipOITy@ya.ru,READ,2024-09-28 10:02:24
meGJrMCLfxE@mail.ru,UPDATE,2024-09-28 21:19:37
meGJrMCLfxE@mail.ru,READ,2024-09-28 14:33:48
cozrFwFyF@mail.ru,READ,2024-09-28 06:03:51
JkEJBMwVHhI@mail.ru,UPDATE,2024-09-28 07:53:32
nqibwdukN@ya.ru,CREATE,2024-09-28 01:02:34
HFsVFipOITy@ya.ru,READ,2024-09-28 23:48:11
JkEJBMwVHhI@mail.ru,DELETE,2024-09-28 05:09:22
nqibwdukN@ya.ru,READ,2024-09-28 13:11:21
HFsVFipOITy@ya.ru,READ,2024-09-28 01:59:09
wYxovPN@mail.ru,CREATE,2024-09-28 22:34:00
wYxovPN@mail.ru,UPDATE,2024-09-28 04:31:42
Tqgot@gmail.com,UPDATE,2024-09-28 16:36:20
JkEJBMwVHhI@mail.ru,UPDATE,2024-09-28 02:39:26
nqibwdukN@ya.ru,READ,2024-09-28 05:33:48
cozrFwFyF@mail.ru,CREATE,2024-09-28 10:03:44
meGJrMCLfxE@mail.ru,DELETE,2024-09-28 04:21:22
HFsVFipOITy@ya.ru,READ,2024-09-28 21:09:33
meGJrMCLfxE@mail.ru,DELETE,2024-09-28 01:30:32
nqibwdukN@ya.ru,READ,2024-09-28 08:35:53
nqibwdukN@ya.ru,UPDATE,2024-09-28 15:11:49
ZjIOhZpKRRdav@mail.ru,UPDATE,2024-09-28 09:51:39
VMSKigXfrtVFiA@ya.ru,READ,2024-09-28 11:01:27
JkEJBMwVHhI@mail.ru,CREATE,2024-09-28 06:58:12
nqibwdukN@ya.ru,DELETE,2024-09-28 17:15:40
wYxovPN@mail.ru,READ,2024-09-28 16:09:40
wYxovPN@mail.ru,DELETE,2024-09-28 03:35:44
ZjIOhZpKRRdav@mail.ru,DELETE,2024-09-28 09:40:00
ZjIOhZpKRRdav@mail.ru,CREATE,2024-09-28 05:22:53
ZjIOhZpKRRdav@mail.ru,CREATE,2024-09-28 01:11:52
meGJrMCLfxE@mail.ru,CREATE,2024-09-28 17:13:32
ZjIOhZpKRRdav@mail.ru,READ,2024-09-28 19:39:17
lxolMITwC@gmail.com,UPDATE,2024-09-28 09:55:32
wYxovPN@mail.ru,DELETE,2024-09-28 19:04:48
ZjIOhZpKRRdav@mail.ru,CREATE,2024-09-28 07:13:27
JkEJBMwVHhI@mail.ru,CREATE,2024-09-28 01:08:59
lxolMITwC@gmail.com,READ,2024-09-28 03:31:20
VMSKigXfrtVFiA@ya.ru,UPDATE,2024-09-28 06:17:40
cozrFwFyF@mail.ru,CREATE,2024-09-28 09:46:18
lxolMITwC@gmail.com,DELETE,2024-09-28 15:08:18
JkEJBMwVHhI@mail.ru,DELETE,2024-09-28 15:52:26
VMSKigXfrtVFiA@ya.ru,UPDATE,2024-09-28 13:20:17
meGJrMCLfxE@mail.ru,UPDATE,2024-09-28 10:55:52
lxolMITwC@gmail.com,READ,2024-09-28 00:30:17
VMSKigXfrtVFiA@ya.ru,CREATE,2024-09-28 17:44:34
cozrFwFyF@mail.ru,DELETE,2024-09-28 17:00:13
nqibwdukN@ya.ru,DELETE,2024-09-28 17:48:38
meGJrMCLfxE@mail.ru,READ,2024-09-28 21:52:00
VMSKigXfrtVFiA@ya.ru,DELETE,2024-09-28 17:02:01
VMSKigXfrtVFiA@ya.ru,UPDATE,2024-09-28 15:29:10
ZjIOhZpKRRdav@mail.ru,READ,2024-09-28 01:27:15
cozrFwFyF@mail.ru,READ,2024-09-28 18:28:40
VMSKigXfrtVFiA@ya.ru,DELETE,2024-09-28 10:54:14
HFsVFipOITy@ya.ru,UPDATE,2024-09-28 09:02:10
lxolMITwC@gmail.com,CREATE,2024-09-28 09:04:31
VMSKigXfrtVFiA@ya.ru,DELETE,2024-09-28 03:58:15
cozrFwFyF@mail.ru,DELETE,2024-09-28 01:48:42
ZjIOhZpKRRdav@mail.ru,UPDATE,2024-09-28 20:58:38
lxolMITwC@gmail.com,READ,2024-09-28 17:57:08
Tqgot@gmail.com,READ,2024-09-28 20:21:08
ZjIOhZpKRRdav@mail.ru,CREATE,2024-09-28 16:21:58
JkEJBMwVHhI@mail.ru,CREATE,2024-09-28 07:04:27
lxolMITwC@gmail.com,CREATE,2024-09-28 15:28:57
meGJrMCLfxE@mail.ru,DELETE,2024-09-28 14:10:25
Tqgot@gmail.com,DELETE,2024-09-28 23:42:31
Tqgot@gmail.com,UPDATE,2024-09-28 23:59:42
lxolMITwC@gmail.com,READ,2024-09-28 22:22:48
wYxovPN@mail.ru,READ,2024-09-28 04:31:37
nqibwdukN@ya.ru,READ,2024-09-28 18:13:05
cozrFwFyF@mail.ru,UPDATE,2024-09-28 13:02:26
wYxovPN@mail.ru,DELETE,2024-09-28 12:34:13
cozrFwFyF@mail.ru,DELETE,2024-09-28 19:22:07
meGJrMCLfxE@mail.ru,READ,2024-09-28 02:49:56
Tqgot@gmail.com,DELETE,2024-09-28 16:16:11
cozrFwFyF@mail.ru,CREATE,2024-09-28 10:48:04
cozrFwFyF@mail.ru,DELETE,2024-09-28 09:04:10
wYxovPN@mail.ru,UPDATE,2024-09-28 08:54:58
nqibwdukN@ya.ru,UPDATE,2024-09-28 06:14:56
HFsVFipOITy@ya.ru,CREATE,2024-09-28 20:15:47
meGJrMCLfxE@mail.ru,DELETE,2024-09-28 20:04:23
nqibwdukN@ya.ru,UPDATE,2024-09-28 04:00:55
nqibwdukN@ya.ru,DELETE,2024-09-28 00:50:39
HFsVFipOITy@ya.ru,DELETE,2024-09-28 20:40:38
HFsVFipOITy@ya.ru,DELETE,2024-09-28 13:35:08
wYxovPN@mail.ru,DELETE,2024-09-28 08:05:27
lxolMITwC@gmail.com,CREATE,2024-09-28 10:13:06
lxolMITwC@gmail.com,CREATE,2024-09-28 08:58:23
nqibwdukN@ya.ru,READ,2024-09-28 17:14:52
wYxovPN@mail.ru,DELETE,2024-09-28 12:19:15
VMSKigXfrtVFiA@ya.ru,CREATE,2024-09-28 12:06:29
cozrFwFyF@mail.ru,UPDATE,2024-09-28 04:51:47
cozrFwFyF@mail.ru,READ,2024-09-28 04:45:00
JkEJBMwVHhI@mail.ru,READ,2024-09-28 05:42:49
HFsVFipOITy@ya.ru,UPDATE,2024-09-28 01:21:10
nqibwdukN@ya.ru,CREATE,2024-09-28 15:34:32
Tqgot@gmail.com,READ,2024-09-28 22:59:01
VMSKigXfrtVFiA@ya.ru,CREATE,2024-09-28 03:01:46
wYxovPN@mail.ru,READ,2024-09-28 09:46:23
nqibwdukN@ya.ru,CREATE,2024-09-28 13:10:14
JkEJBMwVHhI@mail.ru,DELETE,2024-09-28 13:20:31
JkEJBMwVHhI@mail.ru,CREATE,2024-09-28 05:33:42
VMSKigXfrtVFiA@ya.ru,READ,2024-09-28 07:44:12
wYxovPN@mail.ru,READ,2024-09-28 14:05:14
VMSKigXfrtVFiA@ya.ru,CREATE,2024-09-28 03:37:18
meGJrMCLfxE@mail.ru,READ,2024-09-28 12:19:08
JkEJBMwVHhI@mail.ru,UPDATE,2024-09-28 23:43:18
Tqgot@gmail.com,UPDATE,2024-09-28 18:32:54
lxolMITwC@gmail.com,UPDATE,2024-09-28 20:00:47
HFsVFipOITy@ya.ru,CREATE,2024-09-28 02:16:37
HFsVFipOITy@ya.ru,READ,2024-09-28 06:29:38
HFsVFipOITy@ya.ru,READ,2024-09-28 21:39:15
ZjIOhZpKRRdav@mail.ru,DELETE,2024-09-28 06:03:24
lxolMITwC@gmail.com,UPDATE,2024-09-28 06:05:47
HFsVFipOITy@ya.ru,READ,2024-09-28 16:17:42
nqibwdukN@ya.ru,DELETE,2024-09-28 18:21:58
HFsVFipOITy@ya.ru,CREATE,2024-09-28 12:56:37
Tqgot@gmail.com,CREATE,2024-09-28 01:02:45
nqibwdukN@ya.ru,DELETE,2024-09-28 02:14:10
cozrFwFyF@mail.ru,UPDATE,2024-09-28 09:50:48
nqibwdukN@ya.ru,CREATE,2024-09-28 21:13:33
meGJrMCLfxE@mail.ru,CREATE,2024-09-28 00:28:33
wYxovPN@mail.ru,READ,2024-09-28 17:49:59
Tqgot@gmail.com,READ,2024-09-28 16:50:37
Tqgot@gmail.com,CREATE,2024-09-28 21:36:32
Tqgot@gmail.com,READ,2024-09-28 23:21:30
nqibwdukN@ya.ru,UPDATE,2024-09-28 00:09:27
HFsVFipOITy@ya.ru,READ,2024-09-28 07:03:20
Tqgot@gmail.com,DELETE,2024-09-28 03:41:55
cozrFwFyF@mail.ru,READ,2024-09-28 09:47:15
cozrFwFyF@mail.ru,READ,2024-09-28 13:21:02
HFsVFipOITy@ya.ru,UPDATE,2024-09-28 06:25:01
JkEJBMwVHhI@mail.ru,DELETE,2024-09-28 13:44:45
nqibwdukN@ya.ru,READ,2024-09-28 09:11:30
JkEJBMwVHhI@mail.ru,CREATE,2024-09-28 06:57:52
HFsVFipOITy@ya.ru,UPDATE,2024-09-28 02:16:03
Tqgot@gmail.com,READ,2024-09-28 01:50:25
nqibwdukN@ya.ru,DELETE,2024-09-28 10:22:40
VMSKigXfrtVFiA@ya.ru,READ,2024-09-28 05:01:30
ZjIOhZpKRRdav@mail.ru,CREATE,2024-09-28 01:46:15
meGJrMCLfxE@mail.ru,READ,2024-09-28 11:28:34
lxolMITwC@gmail.com,CREATE,2024-09-28 17:09:47
lxolMITwC@gmail.com,CREATE,2024-09-28 19:27:28
Tqgot@gmail.com,CREATE,2024-09-28 13:52:16
lxolMITwC@gmail.com,CREATE,2024-09-28 02:56:33
VMSKigXfrtVFiA@ya.ru,DELETE,2024-09-28 11:52:35
lxolMITwC@gmail.com,READ,2024-09-28 17:26:02
Tqgot@gmail.com,READ,2024-09-28 17:56:21
wYxovPN@mail.ru,READ,2024-09-28 08:04:19
nqibwdukN@ya.ru,UPDATE,2024-09-28 19:49:24
VMSKigXfrtVFiA@ya.ru,READ,2024-09-28 02:40:12
JkEJBMwVHhI@mail.ru,UPDATE,2024-09-28 05:54:24
meGJrMCLfxE@mail.ru,READ,2024-09-28 17:54:40
lxolMITwC@gmail.com,READ,2024-09-28 13:54:36
ZjIOhZpKRRdav@mail.ru,UPDATE,2024-09-28 09:56:56
cozrFwFyF@mail.ru,DELETE,2024-09-28 05:19:31
HFsVFipOITy@ya.ru,UPDATE,2024-09-28 10:54:36
Tqgot@gmail.com,CREATE,2024-09-28 02:03:02
cozrFwFyF@mail.ru,CREATE,2024-09-28 15:04:38
wYxovPN@mail.ru,DELETE,2024-09-28 20:05:53
wYxovPN@mail.ru,CREATE,2024-09-28 14:41:00
cozrFwFyF@mail.ru,CREATE,2024-09-28 00:26:25
lxolMITwC@gmail.com,DELETE,2024-09-28 02:13:55
nqibwdukN@ya.ru,READ,2024-09-28 16:52:06
HFsVFipOITy@ya.ru,CREATE,2024-09-28 16:47:26
HFsVFipOITy@ya.ru,UPDATE,2024-09-28 15:44:21
wYxovPN@mail.ru,UPDATE,2024-09-28 06:06:30
ZjIOhZpKRRdav@mail.ru,CREATE,2024-09-28 07:53:05
HFsVFipOITy@ya.ru,READ,2024-09-28 07:26:38
lxolMITwC@gmail.com,UPDATE,2024-09-28 19:24:34
lxolMITwC@gmail.com,READ,2024-09-28 01:13:09
nqibwdukN@ya.ru,READ,2024-09-28 17:49:46
cozrFwFyF@mail.ru,CREATE,2024-09-28 16:20:02
ZjIOhZpKRRdav@mail.ru,READ,2024-09-28 17:27:29
nqibwdukN@ya.ru,READ,2024-09-28 10:01:00
ZjIOhZpKRRdav@mail.ru,CREATE,2024-09-28 20:48:11
lxolMITwC@gmail.com,CREATE,2024-09-28 14:27:24
HFsVFipOITy@ya.ru,CREATE,2024-09-28 07:14:41
HFsVFipOITy@ya.ru,UPDATE,2024-09-28 07:33:13
ZjIOhZpKRRdav@mail.ru,UPDATE,2024-09-28 10:39:57
nqibwdukN@ya.ru,CREATE,2024-09-28 04:51:46
Tqgot@gmail.com,READ,2024-09-28 17:01:48
nqibwdukN@ya.ru,CREATE,2024-09-28 20:19:11
JkEJBMwVHhI@mail.ru,CREATE,2024-09-28 02:50:22
lxolMITwC@gmail.com,READ,2024-09-28 14:04:23
wYxovPN@mail.ru,READ,2024-09-28 21:29:35
JkEJBMwVHhI@mail.ru,DELETE,2024-09-28 02:29:12
lxolMITwC@gmail.com,CREATE,2024-09-28 06:23:58
Tqgot@gmail.com,CREATE,2024-09-28 08:25:12
JkEJBMwVHhI@mail.ru,UPDATE,2024-09-28 05:39:07
lxolMITwC@gmail.com,DELETE,2024-09-28 01:35:16
HFsVFipOITy@ya.ru,READ,2024-09-28 11:06:44
meGJrMCLfxE@mail.ru,UPDATE,2024-09-28 06:17:24
Tqgot@gmail.com,DELETE,2024-09-28 08:43:51
lxolMITwC@gmail.com,UPDATE,2024-09-28 11:27:40
VMSKigXfrtVFiA@ya.ru,DELETE,2024-09-28 17:48:14
VMSKigXfrtVFiA@ya.ru,UPDATE,2024-09-28 21:47:37
ZjIOhZpKRRdav@mail.ru,DELETE,2024-09-28 14:44:25
JkEJBMwVHhI@mail.ru,READ,2024-09-28 09:30:30
Tqgot@gmail.com,READ,2024-09-28 10:45:49
JkEJBMwVHhI@mail.ru,CREATE,2024-09-28 15:05:33
cozrFwFyF@mail.ru,UPDATE,2024-09-28 07:13:07
lxolMITwC@gmail.com,DELETE,2024-09-28 07:47:07
wYxovPN@mail.ru,UPDATE,2024-09-28 23:07:18
VMSKigXfrtVFiA@ya.ru,READ,2024-09-28 18:19:59
Tqgot@gmail.com,READ,2024-09-28 22:18:16
nqibwdukN@ya.ru,CREATE,2024-09-28 23:00:57
HFsVFipOITy@ya.ru,CREATE,2024-09-28 07:22:06
ZjIOhZpKRRdav@mail.ru,DELETE,2024-09-28 15:18:09
nqibwdukN@ya.ru,DELETE,2024-09-28 09:43:20
VMSKigXfrtVFiA@ya.ru,READ,2024-09-28 06:17:46
wYxovPN@mail.ru,DELETE,2024-09-28 06:04:50
lxolMITwC@gmail.com,CREATE,2024-09-28 23:46:42
Tqgot@gmail.com,UPDATE,2024-09-28 04:02:58
VMSKigXfrtVFiA@ya.ru,UPDATE,2024-09-28 13:50:42
lxolMITwC@gmail.com,DELETE,2024-09-28 03:23:47
wYxovPN@mail.ru,CREATE,2024-09-28 15:52:48
ZjIOhZpKRRdav@mail.ru,DELETE,2024-09-28 04:29:44
cozrFwFyF@mail.ru,UPDATE,2024-09-28 02:57:26
Tqgot@gmail.com,DELETE,2024-09-28 00:28:57
Tqgot@gmail.com,DELETE,2024-09-28 07:43:34
wYxovPN@mail.ru,DELETE,2024-09-28 10:25:45
meGJrMCLfxE@mail.ru,UPDATE,2024-09-28 09:20:33
cozrFwFyF@mail.ru,DELETE,2024-09-28 03:13:25
HFsVFipOITy@ya.ru,DELETE,2024-09-28 20:06:18
VMSKigXfrtVFiA@ya.ru,DELETE,2024-09-28 13:00:51
Tqgot@gmail.com,CREATE,2024-09-28 15:28:00
nqibwdukN@ya.ru,DELETE,2024-09-28 05:18:27
wYxovPN@mail.ru,UPDATE,2024-09-28 11:22:26
JkEJBMwVHhI@mail.ru,READ,2024-09-28 21:11:17
lxolMITwC@gmail.com,READ,2024-09-28 11:58:12
lxolMITwC@gmail.com,DELETE,2024-09-28 03:50:06
ZjIOhZpKRRdav@mail.ru,DELETE,2024-09-28 01:28:35
meGJrMCLfxE@mail.ru,READ,2024-09-28 02:46:03
meGJrMCLfxE@mail.ru,READ,2024-09-28 21:45:38
JkEJBMwVHhI@mail.ru,UPDATE,2024-09-28 23:56:57
HFsVFipOITy@ya.ru,CREATE,2024-09-28 18:18:35
meGJrMCLfxE@mail.ru,DELETE,2024-09-28 20:34:42
cozrFwFyF@mail.ru,READ,2024-09-28 23:57:42
cozrFwFyF@mail.ru,READ,2024-09-28 12:37:46
HFsVFipOITy@ya.ru,CREATE,2024-09-28 22:00:13
meGJrMCLfxE@mail.ru,CREATE,2024-09-28 10:31:50
meGJrMCLfxE@mail.ru,READ,2024-09-28 18:13:06
ZjIOhZpKRRdav@mail.ru,READ,2024-09-28 06:46:09
Tqgot@gmail.com,READ,2024-09-28 12:35:54
lxolMITwC@gmail.com,READ,2024-09-28 06:58:11
meGJrMCLfxE@mail.ru,READ,2024-09-28 06:00:03
ZjIOhZpKRRdav@mail.ru,UPDATE,2024-09-28 09:33:18
JkEJBMwVHhI@mail.ru,UPDATE,2024-09-28 05:46:34
cozrFwFyF@mail.ru,DELETE,2024-09-28 05:23:46
cozrFwFyF@mail.ru,UPDATE,2024-09-28 11:26:56
meGJrMCLfxE@mail.ru,UPDATE,2024-09-28 04:22:35
meGJrMCLfxE@mail.ru,UPDATE,2024-09-28 20:38:38
Tqgot@gmail.com,CREATE,2024-09-28 06:29:41
lxolMITwC@gmail.com,READ,2024-09-28 15:07:50
cozrFwFyF@mail.ru,CREATE,2024-09-28 19:38:10
cozrFwFyF@mail.ru,DELETE,2024-09-28 00:46:22
VMSKigXfrtVFiA@ya.ru,READ,2024-09-28 17:46:15
meGJrMCLfxE@mail.ru,DELETE,2024-09-28 22:26:00
VMSKigXfrtVFiA@ya.ru,READ,2024-09-28 06:06:39
nqibwdukN@ya.ru,CREATE,2024-09-28 02:04:24
meGJrMCLfxE@mail.ru,READ,2024-09-28 07:04:09
HFsVFipOITy@ya.ru,UPDATE,2024-09-28 18:28:12
wYxovPN@mail.ru,READ,2024-09-28 10:33:54
wYxovPN@mail.ru,DELETE,2024-09-28 08:33:12
meGJrMCLfxE@mail.ru,READ,2024-09-28 16:38:09
VMSKigXfrtVFiA@ya.ru,UPDATE,2024-09-28 10:01:00
cozrFwFyF@mail.ru,CREATE,2024-09-28 16:10:24
lxolMITwC@gmail.com,READ,2024-09-28 21:36:20
ZjIOhZpKRRdav@mail.ru,CREATE,2024-09-28 17:03:35
cozrFwFyF@mail.ru,DELETE,2024-09-28 00:10:50
JkEJBMwVHhI@mail.ru,READ,2024-09-28 13:56:43
lxolMITwC@gmail.com,UPDATE,2024-09-28 15:45:12
lxolMITwC@gmail.com,CREATE,2024-09-28 21:54:29
JkEJBMwVHhI@mail.ru,DELETE,2024-09-28 17:46:22
ZjIOhZpKRRdav@mail.ru,CREATE,2024-09-28 13:32:02
wYxovPN@mail.ru,DELETE,2024-09-28 16:07:05
wYxovPN@mail.ru,UPDATE,2024-09-28 17:49:46
Tqgot@gmail.com,UPDATE,2024-09-28 19:43:04
HFsVFipOITy@ya.ru,UPDATE,2024-09-28 14:59:10
lxolMITwC@gmail.com,READ,2024-09-28 12:56:29
HFsVFipOITy@ya.ru,DELETE,2024-09-28 19:40:45
JkEJBMwVHhI@mail.ru,CREATE,2024-09-28 11:20:02
ZjIOhZpKRRdav@mail.ru,READ,2024-09-28 08:17:07
Tqgot@gmail.com,CREATE,2024-09-28 10:24:10
ZjIOhZpKRRdav@mail.ru,CREATE,2024-09-28 02:54:02
lxolMITwC@gmail.com,CREATE,2024-09-28 08:58:11
lxolMITwC@gmail.com,UPDATE,2024-09-28 16:22:13
HFsVFipOITy@ya.ru,DELETE,2024-09-28 00:46:12
VMSKigXfrtVFiA@ya.ru,READ,2024-09-28 07:16:00
wYxovPN@mail.ru,READ,2024-09-28 12:48:41
lxolMITwC@gmail.com,READ,2024-09-28 07:46:55
VMSKigXfrtVFiA@ya.ru,UPDATE,2024-09-28 17:19:10
ZjIOhZpKRRdav@mail.ru,UPDATE,2024-09-28 22:18:17
VMSKigXfrtVFiA@ya.ru,DELETE,2024-09-28 07:59:14
nqibwdukN@ya.ru,READ,2024-09-28 21:29:15
nqibwdukN@ya.ru,DELETE,2024-09-28 00:52:13
ZjIOhZpKRRdav@mail.ru,CREATE,2024-09-28 13:41:24
Tqgot@gmail.com,CREATE,2024-09-28 11:06:29
JkEJBMwVHhI@mail.ru,READ,2024-09-28 08:20:16
nqibwdukN@ya.ru,READ,2024-09-28 00:55:02
cozrFwFyF@mail.ru,UPDATE,2024-09-28 05:24:39
ZjIOhZpKRRdav@mail.ru,UPDATE,2024-09-28 16:07:39
wYxovPN@mail.ru,CREATE,2024-09-28 22:44:49
HFsVFipOITy@ya.ru,CREATE,2024-09-28 23:30:51
wYxovPN@mail.ru,DELETE,2024-09-28 09:03:34
JkEJBMwVHhI@mail.ru,DELETE,2024-09-28 16:54:29
ZjIOhZpKRRdav@mail.ru,READ,2024-09-28 07:07:21
JkEJBMwVHhI@mail.ru,READ,2024-09-28 13:57:32
Tqgot@gmail.com,DELETE,2024-09-28 16:35:42
Tqgot@gmail.com,UPDATE,2024-09-28 09:49:13
lxolMITwC@gmail.com,CREATE,2024-09-28 11:09:31
lxolMITwC@gmail.com,CREATE,2024-09-28 07:44:16
lxolMITwC@gmail.com,DELETE,2024-09-28 21:06:07
HFsVFipOITy@ya.ru,DELETE,2024-09-28 20:33:27
HFsVFipOITy@ya.ru,DELETE,2024-09-28 17:55:17
JkEJBMwVHhI@mail.ru,READ,2024-09-28 21:15:34
VMSKigXfrtVFiA@ya.ru,DELETE,2024-09-28 15:26:41
Tqgot@gmail.com,READ,2024-09-28 00:46:12
Tqgot@gmail.com,UPDATE,2024-09-28 00:59:12
VMSKigXfrtVFiA@ya.ru,CREATE,2024-09-28 14:51:07
lxolMITwC@gmail.com,CREATE,2024-09-28 19:20:32
nqibwdukN@ya.ru,CREATE,2024-09-28 12:05:41
cozrFwFyF@mail.ru,CREATE,2024-09-28 13:07:47
Tqgot@gmail.com,DELETE,2024-09-28 08:49:57
HFsVFipOITy@ya.ru,CREATE,2024-09-28 08:19:50
VMSKigXfrtVFiA@ya.ru,CREATE,2024-09-28 20:05:43
HFsVFipOITy@ya.ru,DELETE,2024-09-28 17:54:19
HFsVFipOITy@ya.ru,CREATE,2024-09-28 09:39:48
HFsVFipOITy@ya.ru,READ,2024-09-28 05:31:57
cozrFwFyF@mail.ru,UPDATE,2024-09-28 08:33:21
lxolMITwC@gmail.com,CREATE,2024-09-28 16:41:39
HFsVFipOITy@ya.ru,CREATE,2024-09-28 16:06:01
cozrFwFyF@mail.ru,DELETE,2024-09-28 09:50:02
VMSKigXfrtVFiA@ya.ru,UPDATE,2024-09-28 06:43:16
wYxovPN@mail.ru,UPDATE,2024-09-28 03:48:55
cozrFwFyF@mail.ru,READ,2024-09-28 08:06:18
HFsVFipOITy@ya.ru,DELETE,2024-09-28 13:51:05
meGJrMCLfxE@mail.ru,DELETE,2024-09-28 10:48:40
ZjIOhZpKRRdav@mail.ru,READ,2024-09-28 23:13:49
HFsVFipOITy@ya.ru,UPDATE,2024-09-28 18:53:25
meGJrMCLfxE@mail.ru,DELETE,2024-09-28 15:05:10
VMSKigXfrtVFiA@ya.ru,DELETE,2024-09-28 00:21:39
lxolMITwC@gmail.com,CREATE,2024-09-28 01:14:37
meGJrMCLfxE@mail.ru,CREATE,2024-09-28 01:44:21
nqibwdukN@ya.ru,DELETE,2024-09-28 21:21:42
JkEJBMwVHhI@mail.ru,CREATE,2024-09-28 08:57:33
JkEJBMwVHhI@mail.ru,DELETE,2024-09-28 14:20:12
wYxovPN@mail.ru,UPDATE,2024-09-28 09:15:59
lxolMITwC@gmail.com,UPDATE,2024-09-28 20:46:59
lxolMITwC@gmail.com,DELETE,2024-09-28 17:44:50
lxolMITwC@gmail.com,CREATE,2024-09-28 14:33:25
ZjIOhZpKRRdav@mail.ru,UPDATE,2024-09-28 13:47:10
HFsVFipOITy@ya.ru,UPDATE,2024-09-28 03:55:14
meGJrMCLfxE@mail.ru,UPDATE,2024-09-28 00:50:57
lxolMITwC@gmail.com,DELETE,2024-09-28 03:40:10
cozrFwFyF@mail.ru,UPDATE,2024-09-28 19:34:32
ZjIOhZpKRRdav@mail.ru,UPDATE,2024-09-28 04:57:15
lxolMITwC@gmail.com,READ,2024-09-28 09:06:44
cozrFwFyF@mail.ru,DELETE,2024-09-28 10:59:37
nqibwdukN@ya.ru,UPDATE,2024-09-28 10:35:44
Tqgot@gmail.com,CREATE,2024-09-28 20:58:11
JkEJBMwVHhI@mail.ru,CREATE,2024-09-28 00:50:19
cozrFwFyF@mail.ru,CREATE,2024-09-28 01:31:01
nqibwdukN@ya.ru,READ,2024-09-28 09:24:09
lxolMITwC@gmail.com,DELETE,2024-09-28 18:01:03
HFsVFipOITy@ya.ru,READ,2024-09-28 08:11:09
VMSKigXfrtVFiA@ya.ru,READ,2024-09-28 09:11:39
VMSKigXfrtVFiA@ya.ru,CREATE,2024-09-28 08:13:59
Tqgot@gmail.com,DELETE,2024-09-28 02:30:06
ZjIOhZpKRRdav@mail.ru,UPDATE,2024-09-28 22:46:47
nqibwdukN@ya.ru,DELETE,2024-09-28 19:27:54
cozrFwFyF@mail.ru,CREATE,2024-09-28 12:38:17
HFsVFipOITy@ya.ru,DELETE,2024-09-28 17:20:43
meGJrMCLfxE@mail.ru,READ,2024-09-28 16:55:26
cozrFwFyF@mail.ru,UPDATE,2024-09-28 08:45:44
ZjIOhZpKRRdav@mail.ru,READ,2024-09-28 21:07:35
HFsVFipOITy@ya.ru,CREATE,2024-09-28 15:56:45
JkEJBMwVHhI@mail.ru,DELETE,2024-09-28 16:07:12
lxolMITwC@gmail.com,DELETE,2024-09-28 17:45:43
lxolMITwC@gmail.com,READ,2024-09-28 17:16:01
JkEJBMwVHhI@mail.ru,READ,2024-09-28 00:36:11
ZjIOhZpKRRdav@mail.ru,DELETE,2024-09-28 03:06:10
meGJrMCLfxE@mail.ru,CREATE,2024-09-28 14:06:38
Tqgot@gmail.com,READ,2024-09-28 04:04:47
HFsVFipOITy@ya.ru,DELETE,2024-09-28 09:22:26
wYxovPN@mail.ru,UPDATE,2024-09-28 09:11:48
nqibwdukN@ya.ru,CREATE,2024-09-28 06:10:59
Tqgot@gmail.com,UPDATE,2024-09-28 21:10:04
ZjIOhZpKRRdav@mail.ru,UPDATE,2024-09-28 11:59:14
HFsVFipOITy@ya.ru,DELETE,2024-09-28 05:49:52
wYxovPN@mail.ru,CREATE,2024-09-28 01:34:59
wYxovPN@mail.ru,UPDATE,2024-09-28 21:45:49
lxolMITwC@gmail.com,UPDATE,2024-09-28 16:35:12
lxolMITwC@gmail.com,DELETE,2024-09-28 08:41:49
HFsVFipOITy@ya.ru,DELETE,2024-09-28 00:26:45
HFsVFipOITy@ya.ru,DELETE,2024-09-28 07:18:09
meGJrMCLfxE@mail.ru,READ,2024-09-28 19:17:20
cozrFwFyF@mail.ru,DELETE,2024-09-28 20:40:05
nqibwdukN@ya.ru,READ,2024-09-28 08:49:42
wYxovPN@mail.ru,UPDATE,2024-09-28 15:38:49
nqibwdukN@ya.ru,CREATE,2024-09-28 00:00:58
ZjIOhZpKRRdav@mail.ru,READ,2024-09-28 10:58:33
meGJrMCLfxE@mail.ru,DELETE,2024-09-28 18:03:08
VMSKigXfrtVFiA@ya.ru,UPDATE,2024-09-28 13:28:14
ZjIOhZpKRRdav@mail.ru,DELETE,2024-09-28 20:12:04
nqibwdukN@ya.ru,UPDATE,2024-09-28 04:49:35
meGJrMCLfxE@mail.ru,UPDATE,2024-09-28 08:10:33
nqibwdukN@ya.ru,DELETE,2024-09-28 05:55:22
meGJrMCLfxE@mail.ru,UPDATE,2024-09-28 07:51:14
lxolMITwC@gmail.com,DELETE,2024-09-28 16:50:26
Tqgot@gmail.com,READ,2024-09-28 09:44:23
cozrFwFyF@mail.ru,DELETE,2024-09-28 13:20:19
meGJrMCLfxE@mail.ru,READ,2024-09-28 07:05:53
wYxovPN@mail.ru,DELETE,2024-09-28 10:35:51
Tqgot@gmail.com,DELETE,2024-09-28 16:53:26
ZjIOhZpKRRdav@mail.ru,UPDATE,2024-09-28 15:56:14
VMSKigXfrtVFiA@ya.ru,DELETE,2024-09-28 21:39:47
meGJrMCLfxE@mail.ru,READ,2024-09-28 09:06:55
wYxovPN@mail.ru,UPDATE,2024-09-28 17:45:08
JkEJBMwVHhI@mail.ru,READ,2024-09-28 02:45:17
cozrFwFyF@mail.ru,UPDATE,2024-09-28 06:01:51
wYxovPN@mail.ru,DELETE,2024-09-28 21:00:42
lxolMITwC@gmail.com,CREATE,2024-09-28 02:08:25
VMSKigXfrtVFiA@ya.ru,CREATE,2024-09-28 20:32:38
Tqgot@gmail.com,UPDATE,2024-09-28 17:11:31
JkEJBMwVHhI@mail.ru,CREATE,2024-09-28 09:00:21
cozrFwFyF@mail.ru,UPDATE,2024-09-28 13:46:20
meGJrMCLfxE@mail.ru,READ,2024-09-28 07:12:03
wYxovPN@mail.ru,READ,2024-09-28 09:14:13
VMSKigXfrtVFiA@ya.ru,CREATE,2024-09-28 04:13:50
meGJrMCLfxE@mail.ru,UPDATE,2024-09-28 14:50:26
VMSKigXfrtVFiA@ya.ru,DELETE,2024-09-28 17:08:43
meGJrMCLfxE@mail.ru,READ,2024-09-28 03:42:14
HFsVFipOITy@ya.ru,UPDATE,2024-09-28 10:18:27
VMSKigXfrtVFiA@ya.ru,DELETE,2024-09-28 13:56:25
lxolMITwC@gmail.com,CREATE,2024-09-28 07:18:46
HFsVFipOITy@ya.ru,UPDATE,2024-09-28 02:48:30
nqibwdukN@ya.ru,READ,2024-09-28 05:54:02
nqibwdukN@ya.ru,READ,2024-09-28 22:53:25
meGJrMCLfxE@mail.ru,READ,2024-09-28 10:45:48
Tqgot@gmail.com,CREATE,2024-09-28 02:28:47
lxolMITwC@gmail.com,DELETE,2024-09-28 11:55:58
wYxovPN@mail.ru,READ,2024-09-28 21:33:34
JkEJBMwVHhI@mail.ru,READ,2024-09-28 03:06:26
Tqgot@gmail.com,UPDATE,2024-09-28 18:02:41
cozrFwFyF@mail.ru,DELETE,2024-09-28 22:34:26
Tqgot@gmail.com,READ,2024-09-28 07:40:55
cozrFwFyF@mail.ru,UPDATE,2024-09-28 19:08:10
ZjIOhZpKRRdav@mail.ru,READ,2024-09-28 23:54:43
ZjIOhZpKRRdav@mail.ru,CREATE,2024-09-28 03:19:51
VMSKigXfrtVFiA@ya.ru,CREATE,2024-09-28 09:53:04
wYxovPN@mail.ru,UPDATE,2024-09-28 21:56:30
HFsVFipOITy@ya.ru,CREATE,2024-09-28 20:39:41
VMSKigXfrtVFiA@ya.ru,CREATE,2024-09-28 07:56:41
ZjIOhZpKRRdav@mail.ru,DELETE,2024-09-28 10:02:13
lxolMITwC@gmail.com,CREATE,2024-09-28 08:24:55
nqibwdukN@ya.ru,CREATE,2024-09-28 10:37:08
VMSKigXfrtVFiA@ya.ru,READ,2024-09-28 04:55:38
JkEJBMwVHhI@mail.ru,DELETE,2024-09-28 20:57:28
lxolMITwC@gmail.com,READ,2024-09-28 12:20:19
ZjIOhZpKRRdav@mail.ru,READ,2024-09-28 06:23:22
meGJrMCLfxE@mail.ru,DELETE,2024-09-28 15:22:57
lxolMITwC@gmail.com,DELETE,2024-09-28 03:29:18
HFsVFipOITy@ya.ru,DELETE,2024-09-28 11:38:38
meGJrMCLfxE@mail.ru,UPDATE,2024-09-28 21:05:13
meGJrMCLfxE@mail.ru,DELETE,2024-09-28 02:40:59
JkEJBMwVHhI@mail.ru,READ,2024-09-28 12:51:24
wYxovPN@mail.ru,CREATE,2024-09-28 22:42:31
ZjIOhZpKRRdav@mail.ru,READ,2024-09-28 11:41:31
VMSKigXfrtVFiA@ya.ru,CREATE,2024-09-28 19:55:34
HFsVFipOITy@ya.ru,UPDATE,2024-09-28 19:24:19
meGJrMCLfxE@mail.ru,DELETE,2024-09-28 20:34:34
meGJrMCLfxE@mail.ru,UPDATE,2024-09-28 07:51:00
lxolMITwC@gmail.com,READ,2024-09-28 22:19:15
wYxovPN@mail.ru,UPDATE,2024-09-28 13:43:46
wYxovPN@mail.ru,CREATE,2024-09-28 17:05:37
cozrFwFyF@mail.ru,READ,2024-09-28 03:28:43
lxolMITwC@gmail.com,UPDATE,2024-09-28 23:19:21
ZjIOhZpKRRdav@mail.ru,READ,2024-09-28 20:19:35
wYxovPN@mail.ru,CREATE,2024-09-28 00:08:42
JkEJBMwVHhI@mail.ru,CREATE,2024-09-28 07:59:53
nqibwdukN@ya.ru,DELETE,2024-09-28 21:57:01
VMSKigXfrtVFiA@ya.ru,CREATE,2024-09-28 02:48:55
wYxovPN@mail.ru,DELETE,2024-09-28 04:50:42
ZjIOhZpKRRdav@mail.ru,CREATE,2024-09-28 06:58:59
nqibwdukN@ya.ru,DELETE,2024-09-28 03:43:07
wYxovPN@mail.ru,UPDATE,2024-09-28 07:50:37
JkEJBMwVHhI@mail.ru,CREATE,2024-09-28 15:39:42
JkEJBMwVHhI@mail.ru,DELETE,2024-09-28 07:50:43
lxolMITwC@gmail.com,CREATE,2024-09-28 18:09:55
Tqgot@gmail.com,DELETE,2024-09-28 18:54:33
JkEJBMwVHhI@mail.ru,UPDATE,2024-09-28 03:28:43
lxolMITwC@gmail.com,DELETE,2024-09-28 11:55:56
wYxovPN@mail.ru,CREATE,2024-09-28 03:31:49
Tqgot@gmail.com,DELETE,2024-09-28 04:36:34
lxolMITwC@gmail.com,DELETE,2024-09-28 08:48:54
cozrFwFyF@mail.ru,READ,2024-09-28 08:58:22
VMSKigXfrtVFiA@ya.ru,CREATE,2024-09-28 13:03:31
meGJrMCLfxE@mail.ru,UPDATE,2024-09-28 19:11:10
HFsVFipOITy@ya.ru,DELETE,2024-09-28 22:17:10
HFsVFipOITy@ya.ru,UPDATE,2024-09-28 01:24:53
HFsVFipOITy@ya.ru,UPDATE,2024-09-28 21:17:15
JkEJBMwVHhI@mail.ru,DELETE,2024-09-28 20:51:13
wYxovPN@mail.ru,UPDATE,2024-09-28 05:15:28
nqibwdukN@ya.ru,READ,2024-09-28 18:24:27
Tqgot@gmail.com,UPDATE,2024-09-28 05:15:49
meGJrMCLfxE@mail.ru,UPDATE,2024-09-28 14:48:29
cozrFwFyF@mail.ru,READ,2024-09-28 22:14:17
cozrFwFyF@mail.ru,CREATE,2024-09-28 07:34:05
lxolMITwC@gmail.com,UPDATE,2024-09-28 03:36:29
wYxovPN@mail.ru,DELETE,2024-09-28 22:00:19
nqibwdukN@ya.ru,CREATE,2024-09-28 05:32:30
Tqgot@gmail.com,UPDATE,2024-09-28 23:01:04
ZjIOhZpKRRdav@mail.ru,UPDATE,2024-09-28 21:45:23
nqibwdukN@ya.ru,UPDATE,2024-09-28 10:13:42
lxolMITwC@gmail.com,READ,2024-09-28 02:16:45
HFsVFipOITy@ya.ru,UPDATE,2024-09-28 15:34:48
Tqgot@gmail.com,UPDATE,2024-09-28 15:17:16
VMSKigXfrtVFiA@ya.ru,READ,2024-09-28 00:30:38
ZjIOhZpKRRdav@mail.ru,DELETE,2024-09-28 19:15:47
JkEJBMwVHhI@mail.ru,READ,2024-09-28 19:59:04
VMSKigXfrtVFiA@ya.ru,CREATE,2024-09-28 18:26:04
wYxovPN@mail.ru,UPDATE,2024-09-28 13:50:21
nqibwdukN@ya.ru,CREATE,2024-09-28 06:48:20
Tqgot@gmail.com,DELETE,2024-09-28 20:23:06
VMSKigXfrtVFiA@ya.ru,UPDATE,2024-09-28 06:33:52
lxolMITwC@gmail.com,READ,2024-09-28 06:56:09
nqibwdukN@ya.ru,UPDATE,2024-09-28 08:07:53
HFsVFipOITy@ya.ru,DELETE,2024-09-28 18:27:06
Tqgot@gmail.com,CREATE,2024-09-28 03:23:04
cozrFwFyF@mail.ru,DELETE,2024-09-28 15:12:04
meGJrMCLfxE@mail.ru,READ,2024-09-28 22:13:37
VMSKigXfrtVFiA@ya.ru,UPDATE,2024-09-28 01:48:30
HFsVFipOITy@ya.ru,READ,2024-09-28 14:57:09
HFsVFipOITy@ya.ru,READ,2024-09-28 06:08:18
VMSKigXfrtVFiA@ya.ru,READ,2024-09-28 20:14:01
JkEJBMwVHhI@mail.ru,CREATE,2024-09-28 19:09:28
ZjIOhZpKRRdav@mail.ru,UPDATE,2024-09-28 03:54:24
nqibwdukN@ya.ru,CREATE,2024-09-28 02:39:59
VMSKigXfrtVFiA@ya.ru,DELETE,2024-09-28 10:56:39
cozrFwFyF@mail.ru,UPDATE,2024-09-28 15:33:53
wYxovPN@mail.ru,DELETE,2024-09-28 15:03:54
cozrFwFyF@mail.ru,DELETE,2024-09-28 04:57:24
nqibwdukN@ya.ru,READ,2024-09-28 08:05:15
wYxovPN@mail.ru,DELETE,2024-09-28 01:00:58
HFsVFipOITy@ya.ru,UPDATE,2024-09-28 06:23:00
nqibwdukN@ya.ru,READ,2024-09-28 15:42:49
VMSKigXfrtVFiA@ya.ru,DELETE,2024-09-28 14:09:42
ZjIOhZpKRRdav@mail.ru,CREATE,2024-09-28 12:11:48
JkEJBMwVHhI@mail.ru,CREATE,2024-09-28 01:50:16
meGJrMCLfxE@mail.ru,READ,2024-09-28 23:02:53
lxolMITwC@gmail.com,DELETE,2024-09-28 09:52:36
cozrFwFyF@mail.ru,CREATE,2024-09-28 15:48:33
lxolMITwC@gmail.com,READ,2024-09-28 23:16:50
cozrFwFyF@mail.ru,READ,2024-09-28 02:02:05
lxolMITwC@gmail.com,UPDATE,2024-09-28 07:36:42
meGJrMCLfxE@mail.ru,READ,2024-09-28 10:28:18
JkEJBMwVHhI@mail.ru,UPDATE,2024-09-28 07:24:29
VMSKigXfrtVFiA@ya.ru,DELETE,2024-09-28 16:41:41
Tqgot@gmail.com,READ,2024-09-28 12:09:47
wYxovPN@mail.ru,CREATE,2024-09-28 06:16:28
cozrFwFyF@mail.ru,CREATE,2024-09-28 00:44:41
nqibwdukN@ya.ru,DELETE,2024-09-28 00:37:53
cozrFwFyF@mail.ru,DELETE,2024-09-28 17:36:47
nqibwdukN@ya.ru,DELETE,2024-09-28 05:03:19
wYxovPN@mail.ru,UPDATE,2024-09-28 04:01:41
cozrFwFyF@mail.ru,READ,2024-09-28 15:47:45
VMSKigXfrtVFiA@ya.ru,CREATE,2024-09-28 16:35:01
Tqgot@gmail.com,UPDATE,2024-09-28 10:27:46
HFsVFipOITy@ya.ru,DELETE,2024-09-28 15:26:48
nqibwdukN@ya.ru,UPDATE,2024-09-28 23:34:30
wYxovPN@mail.ru,DELETE,2024-09-28 19:20:38
cozrFwFyF@mail.ru,DELETE,2024-09-28 20:52:17
wYxovPN@mail.ru,READ,2024-09-28 23:34:45
HFsVFipOITy@ya.ru,READ,2024-09-28 16:13:48
ZjIOhZpKRRdav@mail.ru,READ,2024-09-28 02:35:49
meGJrMCLfxE@mail.ru,DELETE,2024-09-28 09:23:42
Tqgot@gmail.com,CREATE,2024-09-28 12:15:50
wYxovPN@mail.ru,DELETE,2024-09-28 11:52:19
VMSKigXfrtVFiA@ya.ru,UPDATE,2024-09-28 17:03:53
ZjIOhZpKRRdav@mail.ru,UPDATE,2024-09-28 22:43:50
HFsVFipOITy@ya.ru,READ,2024-09-28 11:04:37
lxolMITwC@gmail.com,DELETE,2024-09-28 10:57:10
Tqgot@gmail.com,UPDATE,2024-09-28 18:14:07
meGJrMCLfxE@mail.ru,READ,2024-09-28 01:01:37
cozrFwFyF@mail.ru,READ,2024-09-28 01:38:35
JkEJBMwVHhI@mail.ru,CREATE,2024-09-28 14:40:42
HFsVFipOITy@ya.ru,UPDATE,2024-09-28 21:13:15
cozrFwFyF@mail.ru,CREATE,2024-09-28 13:56:52
lxolMITwC@gmail.com,CREATE,2024-09-28 00:19:52
VMSKigXfrtVFiA@ya.ru,UPDATE,2024-09-28 13:06:53
cozrFwFyF@mail.ru,DELETE,2024-09-28 16:59:18
cozrFwFyF@mail.ru,CREATE,2024-09-28 07:37:54
Tqgot@gmail.com,DELETE,2024-09-28 19:07:30
JkEJBMwVHhI@mail.ru,UPDATE,2024-09-28 02:46:40
nqibwdukN@ya.ru,DELETE,2024-09-28 06:10:08
lxolMITwC@gmail.com,DELETE,2024-09-28 23:08:36
cozrFwFyF@mail.ru,UPDATE,2024-09-28 15:25:58
meGJrMCLfxE@mail.ru,READ,2024-09-28 23:00:47
lxolMITwC@gmail.com,UPDATE,2024-09-28 16:13:30
wYxovPN@mail.ru,CREATE,2024-09-28 05:35:54
VMSKigXfrtVFiA@ya.ru,DELETE,2024-09-28 21:01:38
JkEJBMwVHhI@mail.ru,CREATE,2024-09-28 17:44:51
wYxovPN@mail.ru,DELETE,2024-09-28 20:42:16
Tqgot@gmail.com,READ,2024-09-28 22:58:07
JkEJBMwVHhI@mail.ru,UPDATE,2024-09-28 02:47:20
lxolMITwC@gmail.com,UPDATE,2024-09-28 12:59:04
ZjIOhZpKRRdav@mail.ru,CREATE,2024-09-28 07:21:44
JkEJBMwVHhI@mail.ru,CREATE,2024-09-28 03:21:47
wYxovPN@mail.ru,DELETE,2024-09-28 13:30:01
cozrFwFyF@mail.ru,DELETE,2024-09-28 13:50:37
VMSKigXfrtVFiA@ya.ru,UPDATE,2024-09-28 15:09:43
nqibwdukN@ya.ru,UPDATE,2024-09-28 22:21:39
lxolMITwC@gmail.com,READ,2024-09-28 16:06:15
wYxovPN@mail.ru,UPDATE,2024-09-28 07:28:39
Tqgot@gmail.com,READ,2024-09-28 03:30:43
ZjIOhZpKRRdav@mail.ru,UPDATE,2024-09-28 05:10:26
nqibwdukN@ya.ru,UPDATE,2024-09-28 21:55:49
lxolMITwC@gmail.com,UPDATE,2024-09-28 14:44:58
cozrFwFyF@mail.ru,CREATE,2024-09-28 01:14:27
meGJrMCLfxE@mail.ru,READ,2024-09-28 10:43:44
lxolMITwC@gmail.com,READ,2024-09-28 21:49:23
cozrFwFyF@mail.ru,READ,2024-09-28 13:36:07
wYxovPN@mail.ru,DELETE,2024-09-28 10:41:13
Tqgot@gmail.com,READ,2024-09-28 04:48:54
Tqgot@gmail.com,READ,2024-09-28 18:29:25
wYxovPN@mail.ru,READ,2024-09-28 21:07:10
cozrFwFyF@mail.ru,UPDATE,2024-09-28 06:36:27
nqibwdukN@ya.ru,UPDATE,2024-09-28 19:07:03
Tqgot@gmail.com,DELETE,2024-09-28 16:29:21
meGJrMCLfxE@mail.ru,UPDATE,2024-09-28 17:11:05
ZjIOhZpKRRdav@mail.ru,READ,2024-09-28 22:06:38
JkEJBMwVHhI@mail.ru,READ,2024-09-28 11:15:17
meGJrMCLfxE@mail.ru,READ,2024-09-28 23:33:18
meGJrMCLfxE@mail.ru,DELETE,2024-09-28 16:45:39
Tqgot@gmail.com,DELETE,2024-09-28 00:44:07
cozrFwFyF@mail.ru,UPDATE,2024-09-28 20:07:53
cozrFwFyF@mail.ru,CREATE,2024-09-28 22:50:15
ZjIOhZpKRRdav@mail.ru,CREATE,2024-09-28 06:42:16
meGJrMCLfxE@mail.ru,UPDATE,2024-09-28 09:19:21
wYxovPN@mail.ru,READ,2024-09-28 13:31:56
Tqgot@gmail.com,CREATE,2024-09-28 09:38:32
wYxovPN@mail.ru,UPDATE,2024-09-28 19:51:31
lxolMITwC@gmail.com,DELETE,2024-09-28 18:36:02
wYxovPN@mail.ru,DELETE,2024-09-28 18:01:22
wYxovPN@mail.ru,DELETE,2024-09-28 16:25:01
meGJrMCLfxE@mail.ru,CREATE,2024-09-28 10:59:40
HFsVFipOITy@ya.ru,CREATE,2024-09-28 16:26:58
ZjIOhZpKRRdav@mail.ru,READ,2024-09-28 08:31:13
meGJrMCLfxE@mail.ru,READ,2024-09-28 15:55:01
lxolMITwC@gmail.com,UPDATE,2024-09-28 01:35:45
HFsVFipOITy@ya.ru,CREATE,2024-09-28 01:47:21
lxolMITwC@gmail.com,READ,2024-09-28 12:20:10
nqibwdukN@ya.ru,UPDATE,2024-09-28 15:12:43
nqibwdukN@ya.ru,UPDATE,2024-09-28 12:14:07
VMSKigXfrtVFiA@ya.ru,CREATE,2024-09-28 22:03:01
meGJrMCLfxE@mail.ru,READ,2024-09-28 10:22:00
wYxovPN@mail.ru,UPDATE,2024-09-28 19:10:33
HFsVFipOITy@ya.ru,DELETE,2024-09-28 12:36:44
ZjIOhZpKRRdav@mail.ru,CREATE,2024-09-28 22:58:33
lxolMITwC@gmail.com,READ,2024-09-28 11:48:58
nqibwdukN@ya.ru,DELETE,2024-09-28 23:04:42
Tqgot@gmail.com,UPDATE,2024-09-28 21:45:02
cozrFwFyF@mail.ru,DELETE,2024-09-28 15:33:28
HFsVFipOITy@ya.ru,UPDATE,2024-09-28 06:48:09
meGJrMCLfxE@mail.ru,CREATE,2024-09-28 13:18:18
VMSKigXfrtVFiA@ya.ru,CREATE,2024-09-28 19:27:22
Tqgot@gmail.com,READ,2024-09-28 06:38:38
lxolMITwC@gmail.com,CREATE,2024-09-28 18:03:12
lxolMITwC@gmail.com,CREATE,2024-09-28 22:52:19
VMSKigXfrtVFiA@ya.ru,UPDATE,2024-09-28 13:21:26
lxolMITwC@gmail.com,UPDATE,2024-09-28 13:01:08
HFsVFipOITy@ya.ru,DELETE,2024-09-28 21:55:22
Tqgot@gmail.com,READ,2024-09-28 06:04:46
lxolMITwC@gmail.com,READ,2024-09-28 07:25:34
JkEJBMwVHhI@mail.ru,READ,2024-09-28 06:26:15
ZjIOhZpKRRdav@mail.ru,READ,2024-09-28 09:07:42
wYxovPN@mail.ru,CREATE,2024-09-28 13:30:48
ZjIOhZpKRRdav@mail.ru,CREATE,2024-09-28 00:47:47
Tqgot@gmail.com,DELETE,2024-09-28 04:44:51
lxolMITwC@gmail.com,UPDATE,2024-09-28 19:31:57
nqibwdukN@ya.ru,DELETE,2024-09-28 13:34:40
meGJrMCLfxE@mail.ru,READ,2024-09-28 01:47:22
JkEJBMwVHhI@mail.ru,DELETE,2024-09-28 06:29:52
ZjIOhZpKRRdav@mail.ru,DELETE,2024-09-28 13:02:01
meGJrMCLfxE@mail.ru,CREATE,2024-09-28 12:49:00
JkEJBMwVHhI@mail.ru,CREATE,2024-09-28 01:54:58
Tqgot@gmail.com,CREATE,2024-09-28 04:33:41
ZjIOhZpKRRdav@mail.ru,CREATE,2024-09-28 04:08:26
lxolMITwC@gmail.com,READ,2024-09-28 21:40:48
HFsVFipOITy@ya.ru,READ,2024-09-28 11:35:48
meGJrMCLfxE@mail.ru,CREATE,2024-09-28 12:07:34
JkEJBMwVHhI@mail.ru,UPDATE,2024-09-28 20:02:45
Tqgot@gmail.com,UPDATE,2024-09-28 18:41:09
VMSKigXfrtVFiA@ya.ru,DELETE,2024-09-28 20:52:20
wYxovPN@mail.ru,CREATE,2024-09-28 12:27:03
JkEJBMwVHhI@mail.ru,CREATE,2024-09-28 22:48:11
meGJrMCLfxE@mail.ru,READ,2024-09-28 07:43:13
meGJrMCLfxE@mail.ru,UPDATE,2024-09-28 12:31:55
lxolMITwC@gmail.com,UPDATE,2024-09-28 20:19:48
cozrFwFyF@mail.ru,CREATE,2024-09-28 02:52:47
JkEJBMwVHhI@mail.ru,DELETE,2024-09-28 16:24:34
cozrFwFyF@mail.ru,READ,2024-09-28 00:17:37
meGJrMCLfxE@mail.ru,DELETE,2024-09-28 09:57:44
VMSKigXfrtVFiA@ya.ru,CREATE,2024-09-28 07:05:05
Tqgot@gmail.com,CREATE,2024-09-28 13:50:22
cozrFwFyF@mail.ru,DELETE,2024-09-28 08:09:46
VMSKigXfrtVFiA@ya.ru,CREATE,2024-09-28 09:01:07
Tqgot@gmail.com,CREATE,2024-09-28 23:11:15
cozrFwFyF@mail.ru,CREATE,2024-09-28 23:56:16
Tqgot@gmail.com,CREATE,2024-09-28 17:29:07
ZjIOhZpKRRdav@mail.ru,DELETE,2024-09-28 22:57:39
JkEJBMwVHhI@mail.ru,DELETE,2024-09-28 10:02:27
ZjIOhZpKRRdav@mail.ru,UPDATE,2024-09-28 16:01:47
Tqgot@gmail.com,READ,2024-09-28 08:52:17
meGJrMCLfxE@mail.ru,READ,2024-09-28 17:42:11
nqibwdukN@ya.ru,READ,2024-09-28 07:28:28
VMSKigXfrtVFiA@ya.ru,CREATE,2024-09-28 06:53:56
cozrFwFyF@mail.ru,DELETE,2024-09-28 10:22:43
Tqgot@gmail.com,DELETE,2024-09-28 07:17:03
wYxovPN@mail.ru,CREATE,2024-09-28 03:11:31
VMSKigXfrtVFiA@ya.ru,READ,2024-09-28 10:14:52
cozrFwFyF@mail.ru,READ,2024-09-28 17:13:25
wYxovPN@mail.ru,CREATE,2024-09-28 15:48:27
Tqgot@gmail.com,CREATE,2024-09-28 15:59:10
HFsVFipOITy@ya.ru,DELETE,2024-09-28 19:51:25
ZjIOhZpKRRdav@mail.ru,READ,2024-09-28 12:29:06
JkEJBMwVHhI@mail.ru,READ,2024-09-28 00:30:25
Tqgot@gmail.com,READ,2024-09-28 02:53:33
meGJrMCLfxE@mail.ru,UPDATE,2024-09-28 00:45:21
nqibwdukN@ya.ru,CREATE,2024-09-28 00:05:29
nqibwdukN@ya.ru,DELETE,2024-09-28 23:11:53
Tqgot@gmail.com,DELETE,2024-09-28 16:22:42
nqibwdukN@ya.ru,DELETE,2024-09-28 12:43:24
Tqgot@gmail.com,UPDATE,2024-09-28 17:42:36
wYxovPN@mail.ru,UPDATE,2024-09-28 00:36:50
Tqgot@gmail.com,DELETE,2024-09-28 20:23:05
cozrFwFyF@mail.ru,UPDATE,2024-09-28 06:50:13
JkEJBMwVHhI@mail.ru,UPDATE,2024-09-28 03:28:32
cozrFwFyF@mail.ru,UPDATE,2024-09-28 07:09:58
Tqgot@gmail.com,CREATE,2024-09-28 14:31:56
HFsVFipOITy@ya.ru,CREATE,2024-09-28 06:11:51
VMSKigXfrtVFiA@ya.ru,UPDATE,2024-09-28 17:32:24
VMSKigXfrtVFiA@ya.ru,CREATE,2024-09-28 09:46:20
cozrFwFyF@mail.ru,DELETE,2024-09-28 10:30:17
meGJrMCLfxE@mail.ru,READ,2024-09-28 16:08:56
ZjIOhZpKRRdav@mail.ru,READ,2024-09-28 07:40:38
VMSKigXfrtVFiA@ya.ru,READ,2024-09-28 23:39:20
meGJrMCLfxE@mail.ru,DELETE,2024-09-28 09:17:39
HFsVFipOITy@ya.ru,READ,2024-09-28 23:04:51
HFsVFipOITy@ya.ru,UPDATE,2024-09-28 12:11:45
wYxovPN@mail.ru,READ,2024-09-28 15:17:01
lxolMITwC@gmail.com,CREATE,2024-09-28 05:01:24
lxolMITwC@gmail.com,UPDATE,2024-09-28 23:50:22
wYxovPN@mail.ru,DELETE,2024-09-28 20:18:15
VMSKigXfrtVFiA@ya.ru,CREATE,2024-09-28 13:29:59
ZjIOhZpKRRdav@mail.ru,DELETE,2024-09-28 15:39:54
JkEJBMwVHhI@mail.ru,UPDATE,2024-09-28 13:42:36
VMSKigXfrtVFiA@ya.ru,DELETE,2024-09-28 21:14:10
VMSKigXfrtVFiA@ya.ru,READ,2024-09-28 08:45:24
cozrFwFyF@mail.ru,CREATE,2024-09-28 05:53:45
lxolMITwC@gmail.com,CREATE,2024-09-28 10:54:21
lxolMITwC@gmail.com,READ,2024-09-28 22:58:14
Tqgot@gmail.com,CREATE,2024-09-28 11:58:19
HFsVFipOITy@ya.ru,UPDATE,2024-09-28 10:44:31
Tqgot@gmail.com,DELETE,2024-09-28 11:10:38
wYxovPN@mail.ru,DELETE,2024-09-28 18:00:10
JkEJBMwVHhI@mail.ru,DELETE,2024-09-28 20:26:10
cozrFwFyF@mail.ru,CREATE,2024-09-28 20:20:48
cozrFwFyF@mail.ru,DELETE,2024-09-28 00:12:46
wYxovPN@mail.ru,CREATE,2024-09-28 22:51:45
wYxovPN@mail.ru,DELETE,2024-09-28 20:04:34
VMSKigXfrtVFiA@ya.ru,DELETE,2024-09-28 17:26:28
nqibwdukN@ya.ru,UPDATE,2024-09-28 08:50:15
VMSKigXfrtVFiA@ya.ru,CREATE,2024-09-28 23:40:17
ZjIOhZpKRRdav@mail.ru,CREATE,2024-09-28 08:59:10
ZjIOhZpKRRdav@mail.ru,CREATE,2024-09-28 11:32:33
HFsVFipOITy@ya.ru,DELETE,2024-09-28 16:26:36
meGJrMCLfxE@mail.ru,CREATE,2024-09-28 00:08:34
cozrFwFyF@mail.ru,READ,2024-09-28 09:56:25
lxolMITwC@gmail.com,UPDATE,2024-09-28 02:02:46
cozrFwFyF@mail.ru,UPDATE,2024-09-28 05:33:28
meGJrMCLfxE@mail.ru,CREATE,2024-09-28 03:32:54
ZjIOhZpKRRdav@mail.ru,UPDATE,2024-09-28 07:40:06
lxolMITwC@gmail.com,DELETE,2024-09-28 07:44:19
lxolMITwC@gmail.com,UPDATE,2024-09-28 17:49:14
wYxovPN@mail.ru,DELETE,2024-09-28 04:15:59
VMSKigXfrtVFiA@ya.ru,CREATE,2024-09-28 17:32:06
wYxovPN@mail.ru,DELETE,2024-09-28 04:48:15
ZjIOhZpKRRdav@mail.ru,CREATE,2024-09-28 23:21:02
nqibwdukN@ya.ru,DELETE,2024-09-28 02:07:11
HFsVFipOITy@ya.ru,DELETE,2024-09-28 11:46:41
Tqgot@gmail.com,UPDATE,2024-09-28 05:17:41
ZjIOhZpKRRdav@mail.ru,READ,2024-09-28 17:37:22
Tqgot@gmail.com,DELETE,2024-09-28 07:46:49
lxolMITwC@gmail.com,UPDATE,2024-09-28 21:07:08
lxolMITwC@gmail.com,READ,2024-09-28 12:38:55
wYxovPN@mail.ru,UPDATE,2024-09-28 07:21:12
lxolMITwC@gmail.com,DELETE,2024-09-28 14:23:21
ZjIOhZpKRRdav@mail.ru,DELETE,2024-09-28 12:22:26
wYxovPN@mail.ru,UPDATE,2024-09-28 20:29:53
cozrFwFyF@mail.ru,DELETE,2024-09-28 18:55:06
wYxovPN@mail.ru,CREATE,2024-09-28 21:11:12
HFsVFipOITy@ya.ru,READ,2024-09-28 17:06:06
Tqgot@gmail.com,CREATE,2024-09-28 14:46:01
nqibwdukN@ya.ru,UPDATE,2024-09-28 12:42:54
nqibwdukN@ya.ru,CREATE,2024-09-28 15:15:11
nqibwdukN@ya.ru,READ,2024-09-28 14:26:43
VMSKigXfrtVFiA@ya.ru,CREATE,2024-09-28 05:32:56
HFsVFipOITy@ya.ru,UPDATE,2024-09-28 20:58:39
HFsVFipOITy@ya.ru,READ,2024-09-28 22:14:02
VMSKigXfrtVFiA@ya.ru,UPDATE,2024-09-28 13:23:07
JkEJBMwVHhI@mail.ru,UPDATE,2024-09-28 23:55:49
HFsVFipOITy@ya.ru,UPDATE,2024-09-28 09:21:48
VMSKigXfrtVFiA@ya.ru,READ,2024-09-28 23:47:12
VMSKigXfrtVFiA@ya.ru,DELETE,2024-09-28 12:46:40
VMSKigXfrtVFiA@ya.ru,UPDATE,2024-09-28 23:41:05
wYxovPN@mail.ru,UPDATE,2024-09-28 03:10:05
HFsVFipOITy@ya.ru,DELETE,2024-09-28 17:55:06
wYxovPN@mail.ru,CREATE,2024-09-28 07:17:43
meGJrMCLfxE@mail.ru,UPDATE,2024-09-28 05:37:38
wYxovPN@mail.ru,DELETE,2024-09-28 14:48:57
lxolMITwC@gmail.com,UPDATE,2024-09-28 15:35:17
nqibwdukN@ya.ru,CREATE,2024-09-28 08:36:08
meGJrMCLfxE@mail.ru,CREATE,2024-09-28 11:43:10
Tqgot@gmail.com,DELETE,2024-09-28 19:35:12
nqibwdukN@ya.ru,CREATE,2024-09-28 05:33:55
wYxovPN@mail.ru,CREATE,2024-09-28 07:13:09
nqibwdukN@ya.ru,READ,2024-09-28 15:58:14
wYxovPN@mail.ru,READ,2024-09-28 18:47:37
meGJrMCLfxE@mail.ru,DELETE,2024-09-28 02:24:30
nqibwdukN@ya.ru,UPDATE,2024-09-28 11:46:05
Tqgot@gmail.com,READ,2024-09-28 04:19:33
wYxovPN@mail.ru,CREATE,2024-09-28 19:00:08
cozrFwFyF@mail.ru,READ,2024-09-28 04:30:28
lxolMITwC@gmail.com,DELETE,2024-09-28 03:20:14
cozrFwFyF@mail.ru,READ,2024-09-28 10:52:04
VMSKigXfrtVFiA@ya.ru,CREATE,2024-09-28 05:02:59
wYxovPN@mail.ru,CREATE,2024-09-28 17:23:10
VMSKigXfrtVFiA@ya.ru,READ,2024-09-28 13:41:32
meGJrMCLfxE@mail.ru,DELETE,2024-09-28 01:13:20
Tqgot@gmail.com,READ,2024-09-28 10:25:05
meGJrMCLfxE@mail.ru,UPDATE,2024-09-28 05:00:56
VMSKigXfrtVFiA@ya.ru,DELETE,2024-09-28 22:45:37
JkEJBMwVHhI@mail.ru,CREATE,2024-09-28 05:46:33
cozrFwFyF@mail.ru,READ,2024-09-28 06:07:56
VMSKigXfrtVFiA@ya.ru,CREATE,2024-09-28 23:51:06
meGJrMCLfxE@mail.ru,DELETE,2024-09-28 15:15:54
wYxovPN@mail.ru,CREATE,2024-09-28 18:33:13
nqibwdukN@ya.ru,DELETE,2024-09-28 03:46:44
ZjIOhZpKRRdav@mail.ru,CREATE,2024-09-28 05:38:41
cozrFwFyF@mail.ru,CREATE,2024-09-28 16:47:25
JkEJBMwVHhI@mail.ru,CREATE,2024-09-28 15:19:19
VMSKigXfrtVFiA@ya.ru,CREATE,2024-09-28 04:04:11
VMSKigXfrtVFiA@ya.ru,READ,2024-09-28 16:19:23
HFsVFipOITy@ya.ru,CREATE,2024-09-28 10:32:57
ZjIOhZpKRRdav@mail.ru,UPDATE,2024-09-28 22:29:11
meGJrMCLfxE@mail.ru,CREATE,2024-09-28 16:49:26
wYxovPN@mail.ru,DELETE,2024-09-28 18:16:13
nqibwdukN@ya.ru,READ,2024-09-28 00:20:11
JkEJBMwVHhI@mail.ru,CREATE,2024-09-28 13:24:14
VMSKigXfrtVFiA@ya.ru,DELETE,2024-09-28 01:00:45
meGJrMCLfxE@mail.ru,READ,2024-09-28 01:51:53
JkEJBMwVHhI@mail.ru,DELETE,2024-09-28 19:52:34
cozrFwFyF@mail.ru,CREATE,2024-09-28 09:50:20
VMSKigXfrtVFiA@ya.ru,CREATE,2024-09-28 03:17:13
HFsVFipOITy@ya.ru,UPDATE,2024-09-28 15:14:12
wYxovPN@mail.ru,CREATE,2024-09-28 18:07:31
ZjIOhZpKRRdav@mail.ru,UPDATE,2024-09-28 00:19:16
wYxovPN@mail.ru,READ,2024-09-28 07:59:06
lxolMITwC@gmail.com,READ,2024-09-28 18:45:37
ZjIOhZpKRRdav@mail.ru,UPDATE,2024-09-28 17:41:17
VMSKigXfrtVFiA@ya.ru,CREATE,2024-09-28 08:12:51
lxolMITwC@gmail.com,READ,2024-09-28 02:04:53
wYxovPN@mail.ru,READ,2024-09-28 11:22:38
JkEJBMwVHhI@mail.ru,DELETE,2024-09-28 23:14:01
lxolMITwC@gmail.com,UPDATE,2024-09-28 17:13:59
cozrFwFyF@mail.ru,UPDATE,2024-09-28 08:00:21
meGJrMCLfxE@mail.ru,CREATE,2024-09-28 20:56:42
wYxovPN@mail.ru,CREATE,2024-09-28 17:54:36
lxolMITwC@gmail.com,UPDATE,2024-09-28 17:08:28
lxolMITwC@gmail.com,DELETE,2024-09-28 23:49:13
VMSKigXfrtVFiA@ya.ru,UPDATE,2024-09-28 21:45:11
JkEJBMwVHhI@mail.ru,READ,2024-09-28 17:34:41
wYxovPN@mail.ru,READ,2024-09-28 21:23:04
VMSKigXfrtVFiA@ya.ru,CREATE,2024-09-28 05:59:49
lxolMITwC@gmail.com,READ,2024-09-28 01:15:11
ZjIOhZpKRRdav@mail.ru,DELETE,2024-09-28 11:48:44
Tqgot@gmail.com,UPDATE,2024-09-28 21:45:02
Tqgot@gmail.com,CREATE,2024-09-28 18:03:14
HFsVFipOITy@ya.ru,DELETE,2024-09-28 15:52:10
Tqgot@gmail.com,CREATE,2024-09-28 04:57:10
Tqgot@gmail.com,DELETE,2024-09-28 05:52:43
HFsVFipOITy@ya.ru,READ,2024-09-28 08:38:00
nqibwdukN@ya.ru,READ,2024-09-28 22:31:58
ZjIOhZpKRRdav@mail.ru,READ,2024-09-28 03:27:14
wYxovPN@mail.ru,UPDATE,2024-09-28 20:28:46
HFsVFipOITy@ya.ru,READ,2024-09-28 11:01:03
HFsVFipOITy@ya.ru,READ,2024-09-28 10:59:00
HFsVFipOITy@ya.ru,DELETE,2024-09-28 06:49:22
cozrFwFyF@mail.ru,READ,2024-09-28 22:53:23
VMSKigXfrtVFiA@ya.ru,CREATE,2024-09-28 14:04:36
lxolMITwC@gmail.com,UPDATE,2024-09-28 15:53:42
HFsVFipOITy@ya.ru,DELETE,2024-09-28 06:02:11
HFsVFipOITy@ya.ru,DELETE,2024-09-28 20:10:24
ZjIOhZpKRRdav@mail.ru,CREATE,2024-09-28 22:58:17
HFsVFipOITy@ya.ru,DELETE,2024-09-28 19:10:57
cozrFwFyF@mail.ru,READ,2024-09-28 02:42:11
VMSKigXfrtVFiA@ya.ru,CREATE,2024-09-28 18:34:33
HFsVFipOITy@ya.ru,UPDATE,2024-09-28 12:34:00
lxolMITwC@gmail.com,DELETE,2024-09-28 21:55:24
ZjIOhZpKRRdav@mail.ru,CREATE,2024-09-28 21:49:16
meGJrMCLfxE@mail.ru,CREATE,2024-09-28 10:28:33
lxolMITwC@gmail.com,UPDATE,2024-09-28 09:11:35
VMSKigXfrtVFiA@ya.ru,UPDATE,2024-09-28 01:39:23
VMSKigXfrtVFiA@ya.ru,READ,2024-09-28 08:21:09
lxolMITwC@gmail.com,CREATE,2024-09-28 00:26:59
nqibwdukN@ya.ru,DELETE,2024-09-28 02:38:30
cozrFwFyF@mail.ru,CREATE,2024-09-28 04:55:33
wYxovPN@mail.ru,DELETE,2024-09-28 02:58:11
JkEJBMwVHhI@mail.ru,CREATE,2024-09-28 01:30:05
cozrFwFyF@mail.ru,DELETE,2024-09-28 17:06:13
cozrFwFyF@mail.ru,READ,2024-09-28 17:42:28
ZjIOhZpKRRdav@mail.ru,UPDATE,2024-09-28 10:00:25
Tqgot@gmail.com,CREATE,2024-09-28 12:45:33
lxolMITwC@gmail.com,READ,2024-09-28 06:23:47
VMSKigXfrtVFiA@ya.ru,UPDATE,2024-09-28 07:52:48
ZjIOhZpKRRdav@mail.ru,READ,2024-09-28 23:39:14
VMSKigXfrtVFiA@ya.ru,CREATE,2024-09-28 03:01:34
HFsVFipOITy@ya.ru,CREATE,2024-09-28 13:45:23
lxolMITwC@gmail.com,DELETE,2024-09-28 13:42:51
JkEJBMwVHhI@mail.ru,UPDATE,2024-09-28 19:20:47
wYxovPN@mail.ru,READ,2024-09-28 01:21:32
cozrFwFyF@mail.ru,DELETE,2024-09-28 10:40:38
meGJrMCLfxE@mail.ru,READ,2024-09-28 18:24:08
JkEJBMwVHhI@mail.ru,UPDATE,2024-09-28 22:31:17
JkEJBMwVHhI@mail.ru,DELETE,2024-09-28 14:11:50
HFsVFipOITy@ya.ru,UPDATE,2024-09-28 02:00:24
cozrFwFyF@mail.ru,READ,2024-09-28 03:45:01
HFsVFipOITy@ya.ru,CREATE,2024-09-28 21:51:29
ZjIOhZpKRRdav@mail.ru,DELETE,2024-09-28 04:19:11
nqibwdukN@ya.ru,CREATE,2024-09-28 15:21:22
HFsVFipOITy@ya.ru,UPDATE,2024-09-28 11:51:17
wYxovPN@mail.ru,DELETE,2024-09-28 11:23:19
Tqgot@gmail.com,UPDATE,2024-09-28 09:57:22
meGJrMCLfxE@mail.ru,CREATE,2024-09-28 18:45:46
HFsVFipOITy@ya.ru,DELETE,2024-09-28 12:10:52
wYxovPN@mail.ru,CREATE,2024-09-28 19:55:36
meGJrMCLfxE@mail.ru,CREATE,2024-09-28 02:15:31
cozrFwFyF@mail.ru,READ,2024-09-28 07:53:24
lxolMITwC@gmail.com,DELETE,2024-09-28 00:49:41
wYxovPN@mail.ru,CREATE,2024-09-28 19:38:22
lxolMITwC@gmail.com,DELETE,2024-09-28 17:07:29
lxolMITwC@gmail.com,UPDATE,2024-09-28 08:15:08
cozrFwFyF@mail.ru,DELETE,2024-09-28 09:34:11
VMSKigXfrtVFiA@ya.ru,UPDATE,2024-09-28 01:02:19
Tqgot@gmail.com,DELETE,2024-09-28 05:41:18
VMSKigXfrtVFiA@ya.ru,UPDATE,2024-09-28 12:55:01
VMSKigXfrtVFiA@ya.ru,UPDATE,2024-09-28 07:22:24
cozrFwFyF@mail.ru,CREATE,2024-09-28 02:36:40
lxolMITwC@gmail.com,UPDATE,2024-09-28 23:23:43
HFsVFipOITy@ya.ru,CREATE,2024-09-28 19:09:58
lxolMITwC@gmail.com,DELETE,2024-09-28 13:56:12
Tqgot@gmail.com,UPDATE,2024-09-28 22:54:02
nqibwdukN@ya.ru,READ,2024-09-28 10:08:15
Tqgot@gmail.com,READ,2024-09-28 07:49:00
nqibwdukN@ya.ru,CREATE,2024-09-28 20:46:37
nqibwdukN@ya.ru,CREATE,2024-09-28 00:49:00
HFsVFipOITy@ya.ru,CREATE,2024-09-28 18:20:35
VMSKigXfrtVFiA@ya.ru,DELETE,2024-09-28 02:20:52
JkEJBMwVHhI@mail.ru,CREATE,2024-09-28 13:09:12
cozrFwFyF@mail.ru,DELETE,2024-09-28 02:10:59
lxolMITwC@gmail.com,DELETE,2024-09-28 00:19:52
meGJrMCLfxE@mail.ru,CREATE,2024-09-28 03:57:36
ZjIOhZpKRRdav@mail.ru,UPDATE,2024-09-28 00:16:30
wYxovPN@mail.ru,UPDATE,2024-09-28 04:42:54
lxolMITwC@gmail.com,DELETE,2024-09-28 09:49:31
cozrFwFyF@mail.ru,DELETE,2024-09-28 02:06:11
Tqgot@gmail.com,UPDATE,2024-09-28 09:00:27
VMSKigXfrtVFiA@ya.ru,READ,2024-09-28 20:35:53
meGJrMCLfxE@mail.ru,READ,2024-09-28 08:28:05
cozrFwFyF@mail.ru,DELETE,2024-09-28 10:02:20
VMSKigXfrtVFiA@ya.ru,UPDATE,2024-09-28 11:43:48
lxolMITwC@gmail.com,CREATE,2024-09-28 08:46:09
HFsVFipOITy@ya.ru,UPDATE,2024-09-28 10:33:55
JkEJBMwVHhI@mail.ru,DELETE,2024-09-28 05:00:48
cozrFwFyF@mail.ru,CREATE,2024-09-28 03:42:19
wYxovPN@mail.ru,DELETE,2024-09-28 20:35:14
meGJrMCLfxE@mail.ru,DELETE,2024-09-28 03:09:47
Tqgot@gmail.com,READ,2024-09-28 07:43:06
VMSKigXfrtVFiA@ya.ru,DELETE,2024-09-28 02:49:46
meGJrMCLfxE@mail.ru,READ,2024-09-28 08:07:40
lxolMITwC@gmail.com,UPDATE,2024-09-28 19:56:08
VMSKigXfrtVFiA@ya.ru,CREATE,2024-09-28 08:18:27
nqibwdukN@ya.ru,CREATE,2024-09-28 09:18:46
HFsVFipOITy@ya.ru,CREATE,2024-09-28 03:20:06
nqibwdukN@ya.ru,DELETE,2024-09-28 03:18:58
nqibwdukN@ya.ru,CREATE,2024-09-28 17:59:37
cozrFwFyF@mail.ru,UPDATE,2024-09-28 16:08:15
HFsVFipOITy@ya.ru,UPDATE,2024-09-28 02:22:08
JkEJBMwVHhI@mail.ru,DELETE,2024-09-28 12:18:34
lxolMITwC@gmail.com,CREATE,2024-09-28 00:36:55
nqibwdukN@ya.ru,READ,2024-09-28 19:33:11
cozrFwFyF@mail.ru,DELETE,2024-09-28 14:43:43
VMSKigXfrtVFiA@ya.ru,CREATE,2024-09-28 06:20:47
meGJrMCLfxE@mail.ru,READ,2024-09-28 19:04:33
wYxovPN@mail.ru,DELETE,2024-09-28 14:32:50
cozrFwFyF@mail.ru,DELETE,2024-09-28 23:18:45
JkEJBMwVHhI@mail.ru,UPDATE,2024-09-28 03:59:25
cozrFwFyF@mail.ru,READ,2024-09-28 15:14:13
HFsVFipOITy@ya.ru,UPDATE,2024-09-28 13:49:58
nqibwdukN@ya.ru,UPDATE,2024-09-28 22:33:34
JkEJBMwVHhI@mail.ru,UPDATE,2024-09-28 18:12:17
HFsVFipOITy@ya.ru,UPDATE,2024-09-28 16:12:57
meGJrMCLfxE@mail.ru,UPDATE,2024-09-28 23:19:50
HFsVFipOITy@ya.ru,READ,2024-09-28 06:50:51
HFsVFipOITy@ya.ru,DELETE,2024-09-28 03:10:52
VMSKigXfrtVFiA@ya.ru,READ,2024-09-28 08:22:03
HFsVFipOITy@ya.ru,DELETE,2024-09-28 04:06:35
ZjIOhZpKRRdav@mail.ru,READ,2024-09-28 06:24:18
wYxovPN@mail.ru,READ,2024-09-28 07:24:59
nqibwdukN@ya.ru,READ,2024-09-28 11:17:55
nqibwdukN@ya.ru,READ,2024-09-28 11:17:51
meGJrMCLfxE@mail.ru,CREATE,2024-09-28 13:47:16
lxolMITwC@gmail.com,UPDATE,2024-09-28 16:14:32
JkEJBMwVHhI@mail.ru,UPDATE,2024-09-28 10:16:33
cozrFwFyF@mail.ru,CREATE,2024-09-28 18:36:26
nqibwdukN@ya.ru,CREATE,2024-09-28 14:04:15
meGJrMCLfxE@mail.ru,DELETE,2024-09-28 04:03:58
cozrFwFyF@mail.ru,DELETE,2024-09-28 13:26:41
JkEJBMwVHhI@mail.ru,CREATE,2024-09-28 06:17:34
meGJrMCLfxE@mail.ru,DELETE,2024-09-28 12:37:09
meGJrMCLfxE@mail.ru,UPDATE,2024-09-28 21:50:26
ZjIOhZpKRRdav@mail.ru,CREATE,2024-09-28 02:38:28
nqibwdukN@ya.ru,CREATE,2024-09-28 21:37:09
VMSKigXfrtVFiA@ya.ru,DELETE,2024-09-28 03:43:27
VMSKigXfrtVFiA@ya.ru,READ,2024-09-28 21:41:43
VMSKigXfrtVFiA@ya.ru,DELETE,2024-09-28 14:32:23
HFsVFipOITy@ya.ru,DELETE,2024-09-28 06:50:41
JkEJBMwVHhI@mail.ru,DELETE,2024-09-28 20:13:04
Tqgot@gmail.com,CREATE,2024-09-28 15:33:23
ZjIOhZpKRRdav@mail.ru,DELETE,2024-09-28 19:55:39
ZjIOhZpKRRdav@mail.ru,DELETE,2024-09-28 17:57:56
lxolMITwC@gmail.com,READ,2024-09-28 15:35:20
lxolMITwC@gmail.com,UPDATE,2024-09-28 06:43:50
cozrFwFyF@mail.ru,READ,2024-09-28 11:57:22
HFsVFipOITy@ya.ru,DELETE,2024-09-28 06:15:08
HFsVFipOITy@ya.ru,READ,2024-09-28 08:43:46
nqibwdukN@ya.ru,UPDATE,2024-09-28 12:04:47
lxolMITwC@gmail.com,DELETE,2024-09-28 16:30:57
VMSKigXfrtVFiA@ya.ru,DELETE,2024-09-28 09:56:25
nqibwdukN@ya.ru,UPDATE,2024-09-28 13:17:05
nqibwdukN@ya.ru,READ,2024-09-28 23:44:00
VMSKigXfrtVFiA@ya.ru,READ,2024-09-28 00:07:59
lxolMITwC@gmail.com,READ,2024-09-28 21:43:56
wYxovPN@mail.ru,DELETE,2024-09-28 13:32:54
cozrFwFyF@mail.ru,UPDATE,2024-09-28 18:17:19
VMSKigXfrtVFiA@ya.ru,DELETE,2024-09-28 22:58:16
lxolMITwC@gmail.com,DELETE,2024-09-28 18:25:23
Tqgot@gmail.com,UPDATE,2024-09-28 19:30:08
HFsVFipOITy@ya.ru,UPDATE,2024-09-28 14:31:29
nqibwdukN@ya.ru,READ,2024-09-28 20:38:04
nqibwdukN@ya.ru,CREATE,2024-09-28 00:22:13
lxolMITwC@gmail.com,READ,2024-09-28 01:23:58
meGJrMCLfxE@mail.ru,CREATE,2024-09-28 16:13:00
ZjIOhZpKRRdav@mail.ru,DELETE,2024-09-28 12:17:41
Tqgot@gmail.com,READ,2024-09-28 05:41:03
cozrFwFyF@mail.ru,CREATE,2024-09-28 07:12:14
JkEJBMwVHhI@mail.ru,READ,2024-09-28 05:36:08
Tqgot@gmail.com,DELETE,2024-09-28 01:17:41
VMSKigXfrtVFiA@ya.ru,UPDATE,2024-09-28 13:01:46
nqibwdukN@ya.ru,CREATE,2024-09-28 09:04:12
HFsVFipOITy@ya.ru,DELETE,2024-09-28 01:37:45
JkEJBMwVHhI@mail.ru,DELETE,2024-09-28 07:00:08
lxolMITwC@gmail.com,DELETE,2024-09-28 20:14:58
Tqgot@gmail.com,DELETE,2024-09-28 18:19:30
HFsVFipOITy@ya.ru,DELETE,2024-09-28 20:12:58
meGJrMCLfxE@mail.ru,UPDATE,2024-09-28 18:35:46
meGJrMCLfxE@mail.ru,UPDATE,2024-09-28 02:22:07
HFsVFipOITy@ya.ru,UPDATE,2024-09-28 13:25:08
nqibwdukN@ya.ru,DELETE,2024-09-28 22:57:50
VMSKigXfrtVFiA@ya.ru,CREATE,2024-09-28 22:06:00
VMSKigXfrtVFiA@ya.ru,UPDATE,2024-09-28 11:33:18
VMSKigXfrtVFiA@ya.ru,UPDATE,2024-09-28 10:19:26
VMSKigXfrtVFiA@ya.ru,UPDATE,2024-09-28 11:06:40
Tqgot@gmail.com,DELETE,2024-09-28 18:29:29
Tqgot@gmail.com,UPDATE,2024-09-28 09:18:30
lxolMITwC@gmail.com,READ,2024-09-28 03:16:46
ZjIOhZpKRRdav@mail.ru,DELETE,2024-09-28 03:46:31
ZjIOhZpKRRdav@mail.ru,READ,2024-09-28 13:25:08
ZjIOhZpKRRdav@mail.ru,CREATE,2024-09-28 00:05:53
lxolMITwC@gmail.com,READ,2024-09-28 04:57:17
meGJrMCLfxE@mail.ru,CREATE,2024-09-28 07:12:16
JkEJBMwVHhI@mail.ru,CREATE,2024-09-28 02:06:38
meGJrMCLfxE@mail.ru,DELETE,2024-09-28 20:04:38
VMSKigXfrtVFiA@ya.ru,READ,2024-09-28 19:15:17
ZjIOhZpKRRdav@mail.ru,DELETE,2024-09-28 02:03:12
Tqgot@gmail.com,READ,2024-09-28 04:07:42
JkEJBMwVHhI@mail.ru,CREATE,2024-09-28 09:05:14
ZjIOhZpKRRdav@mail.ru,READ,2024-09-28 08:41:03
Tqgot@gmail.com,CREATE,2024-09-28 19:56:29
lxolMITwC@gmail.com,CREATE,2024-09-28 14:03:49
nqibwdukN@ya.ru,CREATE,2024-09-28 03:58:45
nqibwdukN@ya.ru,CREATE,2024-09-28 12:17:48
wYxovPN@mail.ru,READ,2024-09-28 21:25:42
HFsVFipOITy@ya.ru,DELETE,2024-09-28 23:23:33
Tqgot@gmail.com,UPDATE,2024-09-28 10:13:13
lxolMITwC@gmail.com,DELETE,2024-09-28 02:51:07
meGJrMCLfxE@mail.ru,CREATE,2024-09-28 01:54:11
JkEJBMwVHhI@mail.ru,DELETE,2024-09-28 04:24:26
JkEJBMwVHhI@mail.ru,CREATE,2024-09-28 05:23:47
meGJrMCLfxE@mail.ru,DELETE,2024-09-28 12:25:46
lxolMITwC@gmail.com,CREATE,2024-09-28 01:53:34
meGJrMCLfxE@mail.ru,CREATE,2024-09-28 17:27:38
meGJrMCLfxE@mail.ru,READ,2024-09-28 00:05:55
wYxovPN@mail.ru,UPDATE,2024-09-28 18:06:15
JkEJBMwVHhI@mail.ru,READ,2024-09-28 00:19:20
wYxovPN@mail.ru,UPDATE,2024-09-28 19:47:41
meGJrMCLfxE@mail.ru,READ,2024-09-28 09:31:18
VMSKigXfrtVFiA@ya.ru,CREATE,2024-09-28 11:57:56
JkEJBMwVHhI@mail.ru,CREATE,2024-09-28 22:40:43
lxolMITwC@gmail.com,CREATE,2024-09-28 12:00:39
HFsVFipOITy@ya.ru,DELETE,2024-09-28 05:48:17
VMSKigXfrtVFiA@ya.ru,DELETE,2024-09-28 10:07:37
VMSKigXfrtVFiA@ya.ru,DELETE,2024-09-28 05:40:45
Tqgot@gmail.com,CREATE,2024-09-28 14:29:05
VMSKigXfrtVFiA@ya.ru,DELETE,2024-09-28 07:30:45
meGJrMCLfxE@mail.ru,DELETE,2024-09-28 22:22:33
nqibwdukN@ya.ru,UPDATE,2024-09-28 06:17:25
HFsVFipOITy@ya.ru,CREATE,2024-09-28 06:06:41
nqibwdukN@ya.ru,DELETE,2024-09-28 21:48:00
HFsVFipOITy@ya.ru,DELETE,2024-09-28 04:58:16
cozrFwFyF@mail.ru,DELETE,2024-09-28 00:44:01
JkEJBMwVHhI@mail.ru,DELETE,2024-09-28 10:50:07
VMSKigXfrtVFiA@ya.ru,READ,2024-09-28 20:08:22
cozrFwFyF@mail.ru,UPDATE,2024-09-28 07:11:29
cozrFwFyF@mail.ru,UPDATE,2024-09-28 19:01:13
Tqgot@gmail.com,READ,2024-09-28 01:11:14
HFsVFipOITy@ya.ru,DELETE,2024-09-28 06:55:04
ZjIOhZpKRRdav@mail.ru,UPDATE,2024-09-28 15:39:42
meGJrMCLfxE@mail.ru,UPDATE,2024-09-28 23:28:43
meGJrMCLfxE@mail.ru,READ,2024-09-28 04:44:07
lxolMITwC@gmail.com,READ,2024-09-28 05:40:09
Tqgot@gmail.com,DELETE,2024-09-28 07:01:55
meGJrMCLfxE@mail.ru,DELETE,2024-09-28 07:47:34
HFsVFipOITy@ya.ru,DELETE,2024-09-28 14:08:03
Tqgot@gmail.com,CREATE,2024-09-28 12:15:58
ZjIOhZpKRRdav@mail.ru,UPDATE,2024-09-28 00:21:14
VMSKigXfrtVFiA@ya.ru,READ,2024-09-28 09:50:04
Tqgot@gmail.com,UPDATE,2024-09-28 18:33:01
VMSKigXfrtVFiA@ya.ru,READ,2024-09-28 19:37:53
ZjIOhZpKRRdav@mail.ru,DELETE,2024-09-28 19:41:21
meGJrMCLfxE@mail.ru,READ,2024-09-28 23:14:53
ZjIOhZpKRRdav@mail.ru,READ,2024-09-28 12:46:08
nqibwdukN@ya.ru,CREATE,2024-09-28 20:54:08
lxolMITwC@gmail.com,READ,2024-09-28 00:42:41
nqibwdukN@ya.ru,READ,2024-09-28 13:44:33
HFsVFipOITy@ya.ru,UPDATE,2024-09-28 22:30:32
ZjIOhZpKRRdav@mail.ru,CREATE,2024-09-28 11:24:00
nqibwdukN@ya.ru,UPDATE,2024-09-28 14:48:45
HFsVFipOITy@ya.ru,READ,2024-09-28 20:07:44
wYxovPN@mail.ru,DELETE,2024-09-28 14:33:44
lxolMITwC@gmail.com,READ,2024-09-28 10:28:53
nqibwdukN@ya.ru,DELETE,2024-09-28 00:55:17
HFsVFipOITy@ya.ru,UPDATE,2024-09-28 09:05:09
meGJrMCLfxE@mail.ru,CREATE,2024-09-28 12:11:57
Tqgot@gmail.com,CREATE,2024-09-28 13:19:59
HFsVFipOITy@ya.ru,UPDATE,2024-09-28 12:57:47
JkEJBMwVHhI@mail.ru,READ,2024-09-28 02:11:26
meGJrMCLfxE@mail.ru,DELETE,2024-09-28 03:47:35
Tqgot@gmail.com,CREATE,2024-09-28 08:33:00
VMSKigXfrtVFiA@ya.ru,READ,2024-09-28 15:45:10
HFsVFipOITy@ya.ru,READ,2024-09-28 12:06:16
VMSKigXfrtVFiA@ya.ru,READ,2024-09-28 00:56:09
ZjIOhZpKRRdav@mail.ru,CREATE,2024-09-28 17:04:11
VMSKigXfrtVFiA@ya.ru,CREATE,2024-09-28 09:43:20
VMSKigXfrtVFiA@ya.ru,UPDATE,2024-09-28 23:52:43
wYxovPN@mail.ru,DELETE,2024-09-28 23:32:26
wYxovPN@mail.ru,UPDATE,2024-09-28 23:27:21
JkEJBMwVHhI@mail.ru,READ,2024-09-28 15:52:44
JkEJBMwVHhI@mail.ru,UPDATE,2024-09-28 18:49:16
cozrFwFyF@mail.ru,UPDATE,2024-09-28 17:00:39
nqibwdukN@ya.ru,READ,2024-09-28 08:36:18
VMSKigXfrtVFiA@ya.ru,UPDATE,2024-09-28 08:11:55
cozrFwFyF@mail.ru,UPDATE,2024-09-28 15:56:59
lxolMITwC@gmail.com,READ,2024-09-28 10:03:47
nqibwdukN@ya.ru,READ,2024-09-28 00:19:00
nqibwdukN@ya.ru,UPDATE,2024-09-28 05:50:20
meGJrMCLfxE@mail.ru,CREATE,2024-09-28 18:25:49
VMSKigXfrtVFiA@ya.ru,READ,2024-09-28 18:57:41
JkEJBMwVHhI@mail.ru,CREATE,2024-09-28 02:37:20
wYxovPN@mail.ru,DELETE,2024-09-28 06:33:25
HFsVFipOITy@ya.ru,CREATE,2024-09-28 00:35:04
ZjIOhZpKRRdav@mail.ru,UPDATE,2024-09-28 22:38:22
lxolMITwC@gmail.com,UPDATE,2024-09-28 07:18:30
wYxovPN@mail.ru,CREATE,2024-09-28 14:01:01
meGJrMCLfxE@mail.ru,DELETE,2024-09-28 10:16:51
lxolMITwC@gmail.com,DELETE,2024-09-28 00:32:20
HFsVFipOITy@ya.ru,DELETE,2024-09-28 07:49:18
JkEJBMwVHhI@mail.ru,UPDATE,2024-09-28 23:38:16
JkEJBMwVHhI@mail.ru,READ,2024-09-28 09:39:06
Tqgot@gmail.com,DELETE,2024-09-28 10:13:25
wYxovPN@mail.ru,CREATE,2024-09-28 07:12:03
lxolMITwC@gmail.com,READ,2024-09-28 09:34:01
cozrFwFyF@mail.ru,DELETE,2024-09-28 13:13:36
meGJrMCLfxE@mail.ru,DELETE,2024-09-28 03:12:01
VMSKigXfrtVFiA@ya.ru,READ,2024-09-28 12:14:28
ZjIOhZpKRRdav@mail.ru,DELETE,2024-09-28 04:16:40
JkEJBMwVHhI@mail.ru,READ,2024-09-28 17:38:14
Tqgot@gmail.com,DELETE,2024-09-28 13:31:14
lxolMITwC@gmail.com,DELETE,2024-09-28 08:34:39
VMSKigXfrtVFiA@ya.ru,READ,2024-09-28 07:26:20
wYxovPN@mail.ru,CREATE,2024-09-28 12:44:07
lxolMITwC@gmail.com,CREATE,2024-09-28 04:05:44
ZjIOhZpKRRdav@mail.ru,DELETE,2024-09-28 06:08:26
VMSKigXfrtVFiA@ya.ru,READ,2024-09-28 11:48:20
ZjIOhZpKRRdav@mail.ru,DELETE,2024-09-28 05:30:51
lxolMITwC@gmail.com,READ,2024-09-28 08:37:21
nqibwdukN@ya.ru,READ,2024-09-28 03:14:27
lxolMITwC@gmail.com,UPDATE,2024-09-28 10:23:06
nqibwdukN@ya.ru,DELETE,2024-09-28 23:41:17
cozrFwFyF@mail.ru,UPDATE,2024-09-28 17:08:37
ZjIOhZpKRRdav@mail.ru,CREATE,2024-09-28 14:04:31
JkEJBMwVHhI@mail.ru,UPDATE,2024-09-28 06:22:09
Tqgot@gmail.com,READ,2024-09-28 10:43:09
Tqgot@gmail.com,READ,2024-09-28 03:07:41
lxolMITwC@gmail.com,DELETE,2024-09-28 01:57:48
lxolMITwC@gmail.com,DELETE,2024-09-28 22:39:13
HFsVFipOITy@ya.ru,READ,2024-09-28 08:02:30
nqibwdukN@ya.ru,DELETE,2024-09-28 00:23:38
ZjIOhZpKRRdav@mail.ru,DELETE,2024-09-28 08:13:22
JkEJBMwVHhI@mail.ru,UPDATE,2024-09-28 18:42:52
VMSKigXfrtVFiA@ya.ru,UPDATE,2024-09-28 00:55:50
Tqgot@gmail.com,UPDATE,2024-09-28 23:07:27
meGJrMCLfxE@mail.ru,CREATE,2024-09-28 17:20:38
JkEJBMwVHhI@mail.ru,UPDATE,2024-09-28 19:38:54
VMSKigXfrtVFiA@ya.ru,READ,2024-09-28 17:05:50
HFsVFipOITy@ya.ru,DELETE,2024-09-28 04:11:09
cozrFwFyF@mail.ru,READ,2024-09-28 03:24:10
wYxovPN@mail.ru,DELETE,2024-09-28 12:24:40
Tqgot@gmail.com,UPDATE,2024-09-28 13:26:45
wYxovPN@mail.ru,DELETE,2024-09-28 10:08:55
ZjIOhZpKRRdav@mail.ru,CREATE,2024-09-28 20:26:46
wYxovPN@mail.ru,CREATE,2024-09-28 03:58:26
lxolMITwC@gmail.com,DELETE,2024-09-28 01:56:37
Tqgot@gmail.com,READ,2024-09-28 22:05:16
meGJrMCLfxE@mail.ru,CREATE,2024-09-28 16:05:02
VMSKigXfrtVFiA@ya.ru,READ,2024-09-28 07:10:55
meGJrMCLfxE@mail.ru,UPDATE,2024-09-28 05:46:57
lxolMITwC@gmail.com,READ,2024-09-28 18:08:17
lxolMITwC@gmail.com,DELETE,2024-09-28 19:25:50
lxolMITwC@gmail.com,CREATE,2024-09-28 04:40:41
VMSKigXfrtVFiA@ya.ru,UPDATE,2024-09-28 10:50:52
nqibwdukN@ya.ru,UPDATE,2024-09-28 20:59:45
meGJrMCLfxE@mail.ru,UPDATE,2024-09-28 01:53:26
lxolMITwC@gmail.com,CREATE,2024-09-28 20:33:45
wYxovPN@mail.ru,READ,2024-09-28 20:52:07
Tqgot@gmail.com,CREATE,2024-09-28 05:43:35
meGJrMCLfxE@mail.ru,READ,2024-09-28 13:17:55
wYxovPN@mail.ru,UPDATE,2024-09-28 18:24:02
VMSKigXfrtVFiA@ya.ru,CREATE,2024-09-28 06:02:10
ZjIOhZpKRRdav@mail.ru,READ,2024-09-28 02:31:39
VMSKigXfrtVFiA@ya.ru,UPDATE,2024-09-28 21:17:16
VMSKigXfrtVFiA@ya.ru,CREATE,2024-09-28 08:45:26
VMSKigXfrtVFiA@ya.ru,READ,2024-09-28 03:28:41
nqibwdukN@ya.ru,CREATE,2024-09-28 16:08:41
Tqgot@gmail.com,CREATE,2024-09-28 00:04:16
Tqgot@gmail.com,DELETE,2024-09-28 21:22:35
VMSKigXfrtVFiA@ya.ru,UPDATE,2024-09-28 23:33:55
HFsVFipOITy@ya.ru,UPDATE,2024-09-28 04:39:38
cozrFwFyF@mail.ru,UPDATE,2024-09-28 12:31:53
JkEJBMwVHhI@mail.ru,CREATE,2024-09-28 00:05:59
meGJrMCLfxE@mail.ru,DELETE,2024-09-28 04:34:46
VMSKigXfrtVFiA@ya.ru,UPDATE,2024-09-28 10:02:14
ZjIOhZpKRRdav@mail.ru,UPDATE,2024-09-28 02:24:59
lxolMITwC@gmail.com,UPDATE,2024-09-28 06:09:33
VMSKigXfrtVFiA@ya.ru,DELETE,2024-09-28 23:20:54
wYxovPN@mail.ru,READ,2024-09-28 10:53:13
meGJrMCLfxE@mail.ru,CREATE,2024-09-28 11:44:15
cozrFwFyF@mail.ru,CREATE,2024-09-28 01:30:08
VMSKigXfrtVFiA@ya.ru,DELETE,2024-09-28 09:45:57
ZjIOhZpKRRdav@mail.ru,DELETE,2024-09-28 09:32:36
ZjIOhZpKRRdav@mail.ru,DELETE,2024-09-28 08:11:57
cozrFwFyF@mail.ru,UPDATE,2024-09-28 04:52:04
ZjIOhZpKRRdav@mail.ru,DELETE,2024-09-28 18:21:54
wYxovPN@mail.ru,DELETE,2024-09-28 00:02:04
Tqgot@gmail.com,CREATE,2024-09-28 15:34:10
ZjIOhZpKRRdav@mail.ru,DELETE,2024-09-28 22:44:40
meGJrMCLfxE@mail.ru,UPDATE,2024-09-28 06:24:02
HFsVFipOITy@ya.ru,DELETE,2024-09-28 07:30:10
Tqgot@gmail.com,DELETE,2024-09-28 04:18:05
cozrFwFyF@mail.ru,CREATE,2024-09-28 18:57:12
lxolMITwC@gmail.com,READ,2024-09-28 02:13:03
JkEJBMwVHhI@mail.ru,DELETE,2024-09-28 06:42:31
ZjIOhZpKRRdav@mail.ru,DELETE,2024-09-28 23:23:45
JkEJBMwVHhI@mail.ru,DELETE,2024-09-28 04:15:45
lxolMITwC@gmail.com,UPDATE,2024-09-28 22:30:25
nqibwdukN@ya.ru,CREATE,2024-09-28 16:26:15
Tqgot@gmail.com,CREATE,2024-09-28 12:44:13
JkEJBMwVHhI@mail.ru,DELETE,2024-09-28 14:42:58
lxolMITwC@gmail.com,READ,2024-09-28 13:29:29
VMSKigXfrtVFiA@ya.ru,DELETE,2024-09-28 23:34:33
wYxovPN@mail.ru,READ,2024-09-28 08:08:56
Tqgot@gmail.com,CREATE,2024-09-28 11:08:29
wYxovPN@mail.ru,DELETE,2024-09-28 04:45:46
cozrFwFyF@mail.ru,DELETE,2024-09-28 06:28:24
nqibwdukN@ya.ru,DELETE,2024-09-28 03:56:06
Tqgot@gmail.com,READ,2024-09-28 04:10:24
meGJrMCLfxE@mail.ru,DELETE,2024-09-28 00:36:05
Tqgot@gmail.com,READ,2024-09-28 18:08:18
Tqgot@gmail.com,READ,2024-09-28 17:19:39
VMSKigXfrtVFiA@ya.ru,DELETE,2024-09-28 10:35:30
VMSKigXfrtVFiA@ya.ru,UPDATE,2024-09-28 23:03:27
cozrFwFyF@mail.ru,CREATE,2024-09-28 12:30:18
nqibwdukN@ya.ru,DELETE,2024-09-28 09:34:17
HFsVFipOITy@ya.ru,READ,2024-09-28 19:55:43
VMSKigXfrtVFiA@ya.ru,CREATE,2024-09-28 10:36:40
JkEJBMwVHhI@mail.ru,READ,2024-09-28 22:51:20
ZjIOhZpKRRdav@mail.ru,UPDATE,2024-09-28 09:18:53
wYxovPN@mail.ru,READ,2024-09-28 03:47:23
nqibwdukN@ya.ru,READ,2024-09-28 13:36:50
lxolMITwC@gmail.com,UPDATE,2024-09-28 19:02:20
wYxovPN@mail.ru,DELETE,2024-09-28 12:10:05
ZjIOhZpKRRdav@mail.ru,CREATE,2024-09-28 07:54:51
wYxovPN@mail.ru,CREATE,2024-09-28 08:41:59
JkEJBMwVHhI@mail.ru,READ,2024-09-28 06:08:16
meGJrMCLfxE@mail.ru,DELETE,2024-09-28 05:57:00
cozrFwFyF@mail.ru,DELETE,2024-09-28 23:41:48
HFsVFipOITy@ya.ru,CREATE,2024-09-28 22:07:28
Tqgot@gmail.com,READ,2024-09-28 06:36:38
nqibwdukN@ya.ru,UPDATE,2024-09-28 01:52:14
nqibwdukN@ya.ru,DELETE,2024-09-28 13:22:47
JkEJBMwVHhI@mail.ru,READ,2024-09-28 04:34:11
Tqgot@gmail.com,UPDATE,2024-09-28 01:04:04
nqibwdukN@ya.ru,UPDATE,2024-09-28 19:40:42
meGJrMCLfxE@mail.ru,DELETE,2024-09-28 10:56:55
ZjIOhZpKRRdav@mail.ru,DELETE,2024-09-28 01:50:56
cozrFwFyF@mail.ru,READ,2024-09-28 21:08:45
VMSKigXfrtVFiA@ya.ru,READ,2024-09-28 19:00:27
Tqgot@gmail.com,UPDATE,2024-09-28 16:26:32
wYxovPN@mail.ru,CREATE,2024-09-28 03:23:38
JkEJBMwVHhI@mail.ru,CREATE,2024-09-28 18:27:11
meGJrMCLfxE@mail.ru,UPDATE,2024-09-28 13:28:57
HFsVFipOITy@ya.ru,CREATE,2024-09-28 19:12:51
JkEJBMwVHhI@mail.ru,READ,2024-09-28 05:19:17
lxolMITwC@gmail.com,UPDATE,2024-09-28 21:24:24
JkEJBMwVHhI@mail.ru,DELETE,2024-09-28 14:04:12
VMSKigXfrtVFiA@ya.ru,CREATE,2024-09-28 15:39:00
cozrFwFyF@mail.ru,CREATE,2024-09-28 21:12:18
Tqgot@gmail.com,READ,2024-09-28 08:24:18
meGJrMCLfxE@mail.ru,DELETE,2024-09-28 04:22:29
HFsVFipOITy@ya.ru,CREATE,2024-09-28 12:52:39
ZjIOhZpKRRdav@mail.ru,READ,2024-09-28 21:37:43
nqibwdukN@ya.ru,READ,2024-09-28 14:17:44
Tqgot@gmail.com,READ,2024-09-28 19:02:15
lxolMITwC@gmail.com,READ,2024-09-28 02:22:16
nqibwdukN@ya.ru,CREATE,2024-09-28 20:16:35
cozrFwFyF@mail.ru,DELETE,2024-09-28 03:48:20
cozrFwFyF@mail.ru,DELETE,2024-09-28 18:59:20
cozrFwFyF@mail.ru,DELETE,2024-09-28 21:40:55
lxolMITwC@gmail.com,UPDATE,2024-09-28 01:02:39
nqibwdukN@ya.ru,DELETE,2024-09-28 05:34:15
nqibwdukN@ya.ru,DELETE,2024-09-28 05:14:11
Tqgot@gmail.com,READ,2024-09-28 11:52:41
nqibwdukN@ya.ru,UPDATE,2024-09-28 13:23:51
Tqgot@gmail.com,CREATE,2024-09-28 00:53:31
HFsVFipOITy@ya.ru,CREATE,2024-09-28 12:32:51
VMSKigXfrtVFiA@ya.ru,UPDATE,2024-09-28 07:55:07
cozrFwFyF@mail.ru,READ,2024-09-28 06:40:47
HFsVFipOITy@ya.ru,UPDATE,2024-09-28 06:25:47
ZjIOhZpKRRdav@mail.ru,READ,2024-09-28 14:51:18
ZjIOhZpKRRdav@mail.ru,DELETE,2024-09-28 04:04:55
VMSKigXfrtVFiA@ya.ru,DELETE,2024-09-28 18:14:16
meGJrMCLfxE@mail.ru,READ,2024-09-28 04:32:16
VMSKigXfrtVFiA@ya.ru,READ,2024-09-28 18:42:19
cozrFwFyF@mail.ru,DELETE,2024-09-28 23:56:15
ZjIOhZpKRRdav@mail.ru,CREATE,2024-09-28 00:45:18
JkEJBMwVHhI@mail.ru,CREATE,2024-09-28 03:07:50
cozrFwFyF@mail.ru,READ,2024-09-28 11:02:33
nqibwdukN@ya.ru,CREATE,2024-09-28 07:03:40
JkEJBMwVHhI@mail.ru,UPDATE,2024-09-28 07:12:48
cozrFwFyF@mail.ru,CREATE,2024-09-28 22:50:17
nqibwdukN@ya.ru,DELETE,2024-09-28 12:18:46
ZjIOhZpKRRdav@mail.ru,UPDATE,2024-09-28 18:25:44